AidData ID,Geoname,Geoname ID,Latitude,Longitude,Precision Code,Date,ADM1 Name,ADM1 Code,ADM2 Name,ADM2 Code,Source URL,Source,Note,Location Type,Activities
904000001105,Tilepata,7801768,29.02526,81.48848,1,,Mid-Western,0,Bheri,0,,,,,
904000001105,Tilpung,7801158,27.42881,86.11206,1,,Central,0,Janakpur,0,,,,,
904000001105,Timilsain,7799483,29.1813,81.274,1,,Far-Western,0,Seti,0,,,,,
904000001105,Tinje,7800652,29.39168,83.2591,1,,Mid-Western,0,Karnali,0,,,,,
904000001105,Tinkanya,7801321,27.21958,86.06866,1,,Central,0,Janakpur,0,,,,,
904000001105,Tipling,7799691,28.2026,85.1561,1,,Central,0,Bagmati,0,,,,,
904000001105,Tiram,7802251,28.00599,82.77619,1,,Mid-Western,0,Rapti,0,,,,,
904000001105,Tiringe,7801542,27.34443,87.75988,1,,East,0,Mechi,0,,,,,
904000001105,Titirkhi,7800775,27.4725,83.07092,1,,West,0,Lumbini,0,,,,,
904000001105,Tokarpur,7802269,27.54218,85.91753,1,,Central,0,Janakpur,0,,,,,
904000001105,Toleni,7798869,29.3914,81.0031,1,,Far-Western,0,Seti,0,,,,,
904000001105,Toli,7800224,29.10961,81.42077,1,,Far-Western,0,Seti,0,,,,,
904000001105,Tolidewal,7800474,29.33154,81.34696,1,,Far-Western,0,Seti,0,,,,,
904000001105,Tolijaisi,7800589,28.98968,81.50757,1,,Mid-Western,0,Bheri,0,,,,,
904000001105,Torwang,7802252,28.13092,82.93512,1,,Mid-Western,0,Rapti,0,,,,,
904000001105,Tosi,7799513,28.9858,81.3652,1,,Far-Western,0,Seti,0,,,,,
904000001105,Tribeni,7800263,28.30508,82.29473,1,,Mid-Western,0,Rapti,0,,,,,
904000001105,TribhuwanNagar,7799531,26.8574,85.5935,1,,Central,0,Janakpur,0,,,,,
904000001105,Trikola,7801316,26.58097,86.87702,1,,East,0,Sagarmatha,0,,,,,
904000001105,Tripurakot,7800653,29.02604,82.84099,1,,Mid-Western,0,Karnali,0,,,,,
904000001105,TriyugaN.P.,7802708,26.79932,86.67094,1,,East,0,Sagarmatha,0,,,,,
904000001105,TulasiBarba,7802233,27.05554,84.68306,1,,Central,0,Narayani,0,,,,,
904000001105,Tulsipur,7798537,26.6624,86.3382,1,,East,0,Sagarmatha,0,,,,,
904000001105,TulsiyahiNikas,7801791,26.61212,85.88019,1,,Central,0,Janakpur,0,,,,,
904000001105,TulsiyaniJabdi,7800614,26.60869,85.863,1,,Central,0,Janakpur,0,,,,,
904000001105,Turmakhad,7799528,28.9314,81.3669,1,,Far-Western,0,Seti,0,,,,,
904000001105,Tusara,7802253,28.16128,82.94594,1,,Mid-Western,0,Rapti,0,,,,,
904000001105,Ubu,7801045,27.21183,86.4961,1,,East,0,Sagarmatha,0,,,,,
904000001105,Uchidiha,7799707,26.9016,85.1374,1,,Central,0,Narayani,0,,,,,
904000001105,Udayadeb,7800439,29.37233,80.35838,1,,Far-Western,0,Mahakali,0,,,,,
904000001105,Udayapur,7801682,27.5711,82.90236,1,,West,0,Lumbini,0,,,,,
904000001105,Udaypurkot,7980122,28.05635,82.74171,1,,Mid-Western,0,Rapti,0,,,,,
904000001105,Uku,7799272,29.7261,80.3904,1,,Far-Western,0,Mahakali,0,,,,,
904000001105,Umaprempur,7801792,26.87192,86.02148,1,,Central,0,Janakpur,0,,,,,
904000001105,Umarjan,7799717,27.045,85.1203,1,,Central,0,Narayani,0,,,,,
904000001105,Uwa,7801184,28.44792,82.80073,1,,Mid-Western,0,Rapti,0,,,,,
904000001105,Vagaha,7800908,26.86662,85.89322,1,,Central,0,Janakpur,0,,,,,
904000001105,Varta,8469139,29.0868005878,81.5898850243,1,,Mid-Western,0,Karnali,0,,,,,
904000001105,Vauratar,7801098,27.09269,84.82276,1,,Central,0,Narayani,0,,,,,
904000001105,VidhyaNagar,7800776,27.54071,82.80214,1,,West,0,Lumbini,0,,,,,
904000001105,Vidhyanagar,7801404,26.67248,86.36501,1,,East,0,Sagarmatha,0,,,,,
904000001105,Wagalek,7798875,29.3203,81.0257,1,,Far-Western,0,Seti,0,,,,,
904000001105,Wangemarot,7801125,28.11523,83.0168,1,,Mid-Western,0,Rapti,0,,,,,
904000001105,Warla,7798540,29.1159,81.4734,1,,Far-Western,0,Seti,0,,,,,
904000001105,Whama,7801186,28.38571,82.59418,1,,Mid-Western,0,Rapti,0,,,,,
904000001105,Woplukha,7799938,27.0879,86.9072,1,,East,0,Sagarmatha,0,,,,,
904000001105,Wot,7802310,28.40584,82.44426,1,,Mid-Western,0,Rapti,0,,,,,
904000001105,Yadukush,7801793,26.72856,86.09897,1,,Central,0,Janakpur,0,,,,,
904000001105,Yamfudin,7801543,27.48075,87.93112,1,,East,0,Mechi,0,,,,,
904000001105,Yamunadanda,7801360,27.72236,85.79753,1,,Central,0,Bagmati,0,,,,,
904000001105,Yarsa,7802276,28.03559,85.30384,1,,Central,0,Bagmati,0,,,,,
904000001105,Yasok,7799504,27.0505,87.6253,1,,East,0,Mechi,0,,,,,
904000001105,Yayankhu,7802709,27.1164,86.36177,1,,East,0,Sagarmatha,0,,,,,
904000001106,Dhaulagiri,1283457,28.69669,83.49257,1,, ,0,Dhaualagiri,0,,,,,
904000001106,Federal Democratic Republic of Nepal,1282988,,,8,,,0,,0,,,,,
904000001106,Gandaki Zone,1283410,28.33333,84.38333,3,,West,0,Gandaki,0,,,,,
904000001106,Kaski,1283243,28.33333,84,2,,West,0,Gandaki,0,,,,,
904000001106,Parbat,1282939,28.41667,83.66667,2,, ,0,Dhaualagiri,0,,,,,
904000001106,Tanahun,1282722,27.91667,84.25,2,,West,0,Gandaki,0,,,,,
904000001109,Achham,1283743,29.08333,81.33333,3,,Far-Western,0,Seti,0,,,,,
904000001109,Bahrabise,1283706,27.78742,85.90108,1,,Central,0,Bagmati,0,,,,,
904000001109,Bhojpur,1283599,27.93565,81.77555,3,,Mid-Western,0,Bheri,0,,,,,
904000001109,Champapur,1283553,27.66667,82.95,1,,West,0,Lumbini,0,,,,,
904000001109,Dailekh,1283497,28.83333,81.66667,3,,Mid-Western,0,Bheri,0,,,,,
904000001109,Diktel,1283439,27.21525,86.80138,3,,East,0,Sagarmatha,0,,,,,
904000001109,Doti,1283425,29.25,80.91667,3,,Far-Western,0,Seti,0,,,,,
904000001109,Hilbhanjyang,7967697,27.67333,84.98833,1,,Central,0,Narayani,0,,,,,
904000001109,Khewang1,7803438,27.4181,87.9383,3,,East,0,Mechi,0,,,,,
904000001109,Khotang,1283202,27.25,86.83333,3,,East,0,Sagarmatha,0,,,,,
904000001109,Myanglung1,7838148,27.1295,87.537,1,,East,0,Koshi,0,,,,,
904000001109,Sangpang,7933763,27.31004,87.12206,1,,East,0,Koshi,0,,,,,
904000001109,Sankhuwasabha,1282812,27.58333,87.33333,3,,East,0,Koshi,0,,,,,
904000001109,SankrantiBazar1,7838238,27.2153,87.632,1,,East,0,Koshi,0,,,,,
904000001109,Tehrathum,1282699,27.12569,87.53773,3,,East,0,Koshi,0,,,,,
904000001109,Tritiya Bajar,7977611,27.15406,87.81132,1,,East,0,Mechi,0,,,,,
904000001113,Barakulpur,7799751,27.7099,82.9496,1,,West,0,Lumbini,0,,,,,
904000001113,Bhalubari,7801926,27.5494444444444,82.8915777777777,1,,West,0,Lumbini,0,,,,,
904000001113,Dubiya,7801930,27.71328,83.00881,1,,West,0,Lumbini,0,,,,,
904000001113,Mahendrakot,7800763,27.7248333333333,83.0501888888888,1,,West,0,Lumbini,0,,,,,
904000001113,Shivapur,7800770,27.67544,82.84932,1,,West,0,Lumbini,0,,,,,
904000001114,Accham,1283743,29.0833333,81.3333333,2,,Far-Western,0,Seti,0,,,,,
904000001114,Bardiya,1283663,28.3333333,81.4166667,2,,Mid-Western,0,Bheri,0,,,,,
904000001114,Chitawan,1283517,27.5833333,84.5,2,,Central,0,Narayani,0,,,,,
904000001114,Dadeldhura,1283500,29.25,80.4166667,2,,Far-Western,0,Mahakali,0,,,,,
904000001114,Dang,1283489,28,82.4166667,2,,Mid-Western,0,Rapti,0,,,,,
904000001114,Doti,1283425,29.25,80.9166667,2,,Far-Western,0,Seti,0,,,,,
904000001114,Gorkha,1283379,28.3333333,84.8333333,2,,West,0,Gandaki,0,,,,,
904000001114,Jhapa,1283307,26.5833333,87.9166667,2,,East,0,Mechi,0,,,,,
904000001114,Jumla,1283287,29.275278,82.183332,2,,Mid-Western,0,Karnali,0,,,,,
904000001114,Kapilvastu,1283251,27.6666667,82.9166667,2,,West,0,Lumbini,0,,,,,
904000001114,Kavrepalanchok,1283282,27.5833333,85.6666667,2,,Central,0,Bagmati,0,,,,,
904000001114,Makwanpur,1283085,27.4166667,85.25,2,,Central,0,Narayani,0,,,,,
904000001114,Morang,1283040,26.6666667,87.5,2,,East,0,Koshi,0,,,,,
904000001114,Palpa,1282954,27.75,83.6666667,2,,West,0,Lumbini,0,,,,,
904000001114,Parsa,1282938,27.3333333,84.8333333,2,,Central,0,Narayani,0,,,,,
904000001114,Rasuwa,1282859,28.1666667,85.3333333,2,,Central,0,Bagmati,0,,,,,
904000001114,Rukum,1282843,28.75,82.5833333,2,,Mid-Western,0,Rapti,0,,,,,
904000001114,Rupandehi,1282837,27.6666667,83.4166667,2,,West,0,Lumbini,0,,,,,
904000001114,Sankhuwasabha,1282812,27.5833333,87.3333333,2,,East,0,Koshi,0,,,,,
904000001114,Saptari,1282810,26.5833333,86.75,2,,East,0,Sagarmatha,0,,,,,
904000001114,Sunsari,1282744,26.6666667,87.1666667,2,,East,0,Koshi,0,,,,,
904000001115,Arughat,7947879,28.04717,84.81112,1,,West,0,Gandaki,0,,,,,
904000001115,Atichaur,7938233,28.94903,81.44078,1,,Far-Western,0,Seti,0,,,,,
904000001115,Baglung,1283711,28.27189,83.58976,1,, ,0,Dhaualagiri,0,,,,,
904000001115,Baglung,1283712,28.41667,83.16667,2,, ,0,Dhaualagiri,0,,,,,
904000001115,Bahrabise1,7812043,27.7975,85.9018,1,,Central,0,Bagmati,0,,,,,
904000001115,Baitadi,1283701,29.5,80.58333,2,,Far-Western,0,Mahakali,0,,,,,
904000001115,Bajhang,1283698,29.52666,81.09821,2,,Far-Western,0,Seti,0,,,,,
904000001115,Bajhang,1283699,29.66667,81.25,2,,Far-Western,0,Seti,0,,,,,
904000001115,Bajura,1283697,29.5,81.5,3,,Far-Western,0,Seti,0,,,,,
904000001115,Beni,1283638,28.34538,83.5651,1,, ,0,Dhaualagiri,0,,,,,
904000001115,Budhidanda,7996594,27.45745,86.70841,1,,East,0,Sagarmatha,0,,,,,
904000001115,Bumiraj1,7837149,29.58,80.7224,1,,Far-Western,0,Mahakali,0,,,,,
904000001115,Chainpur1,7834474,29.5519,81.2003,1,,Far-Western,0,Seti,0,,,,,
904000001115,Dangaji1,7834501,29.4319,80.9601,1,,Far-Western,0,Seti,0,,,,,
904000001115,Darbang,7972103,28.41409,83.38763,1,, ,0,Dhaualagiri,0,,,,,
904000001115,Darchula,1283485,29.91667,80.75,2,,Far-Western,0,Mahakali,0,,,,,
904000001115,Deusa1,7803846,27.4759,86.7117,1,,East,0,Sagarmatha,0,,,,,
904000001115,Dhamena1,7834546,29.60961,81.29163,1,,Far-Western,0,Seti,0,,,,,
904000001115,Dhime1,7832781,28.7835,82.1635,1,,Mid-Western,0,Bheri,0,,,,,
904000001115,Dho3,7833018,29.0982,83.1251,1,,Mid-Western,0,Karnali,0,,,,,
904000001115,Dhobi,7970616,26.73391,87.47192,1,,East,0,Koshi,0,,,,,
904000001115,Dhuli,1283449,29.77932,81.26968,1,,Far-Western,0,Seti,0,,,,,
904000001115,Dhungagade Bhanjyang,7948397,27.99396,84.65202,1,,West,0,Gandaki,0,,,,,
904000001115,Dhungila,7953153,28.76638,82.07576,1,,Mid-Western,0,Bheri,0,,,,,
904000001115,Dillichaur1,7833269,29.3708,82.2696,1,,Mid-Western,0,Karnali,0,,,,,
904000001115,Dobhan,7942174,27.69892,85.14951,1,,Central,0,Bagmati,0,,,,,
904000001115,Dolpa,1283428,29.16667,83.08333,2,,Mid-Western,0,Karnali,0,,,,,
904000001115,Duipipal2,7814783,27.8301,85.0711,1,,Central,0,Bagmati,0,,,,,
904000001115,Dunai,6254846,28.93667,82.89889,1,,Mid-Western,0,Karnali,0,,,,,
904000001115,Durgasthan1,7837242,29.4517,80.4844,1,,Far-Western,0,Mahakali,0,,,,,
904000001115,Gamgadhi,6254848,29.54444,82.16694,1,,Mid-Western,0,Karnali,0,,,,,
904000001115,Garma,7996622,27.4622,86.57583,1,,East,0,Sagarmatha,0,,,,,
904000001115,Gorkha,1283379,28.33333,84.83333,2,,West,0,Gandaki,0,,,,,
904000001115,Gudukhati1,7834285,29.3795,81.2941,1,,Far-Western,0,Seti,0,,,,,
904000001115,Guljar1,7837789,29.7815,80.8324,1,,Far-Western,0,Mahakali,0,,,,,
904000001115,Gupha,7960645,28.22628,83.96633,1,,West,0,Gandaki,0,,,,,
904000001115,Hat,7974153,29.60538,80.70192,1,,Far-Western,0,Mahakali,0,,,,,
904000001115,Humla,1283335,29.91667,81.91667,2,,Mid-Western,0,Karnali,0,,,,,
904000001115,Jajarkot,1283325,28.83333,82.25,2,,Mid-Western,0,Bheri,0,,,,,
904000001115,Jantardhap,7975206,27.38183,86.52466,1,,East,0,Sagarmatha,0,,,,,
904000001115,Jhapra1,7832808,28.7567,82.1372,1,,Mid-Western,0,Bheri,0,,,,,
904000001115,Jugada1,7834312,29.4913,81.4559,1,,Far-Western,0,Seti,0,,,,,
904000001115,Jumla,1283287,29.27528,82.18333,2,,Mid-Western,0,Karnali,0,,,,,
904000001115,Kalikot,1283269,29.25,81.83333,2,,Mid-Western,0,Karnali,0,,,,,
904000001115,Kante1,7837833,29.8329,80.585,1,,Far-Western,0,Mahakali,0,,,,,
904000001115,Khadadevi1,7811266,27.4748,85.9174,1,,Central,0,Janakpur,0,,,,,
904000001115,Khalanga,7799092,29.8166,80.5472,1,,Far-Western,0,Mahakali,0,,,,,
904000001115,Khalanga,7800208,28.7177,82.20189,1,,Mid-Western,0,Bheri,0,,,,,
904000001115,Khalanga1,7829982,28.3499,82.196,1,,Mid-Western,0,Rapti,0,,,,,
904000001115,Khar,7799098,29.7876,80.6396,1,,Far-Western,0,Mahakali,0,,,,,
904000001115,Khar1,7837860,29.7988,80.6257,1,,Far-Western,0,Mahakali,0,,,,,
904000001115,Kharikhola,7996692,27.60237,86.72282,1,,East,0,Sagarmatha,0,,,,,
904000001115,Koiralakot1,7834627,29.4553,81.0702,1,,Far-Western,0,Seti,0,,,,,
904000001115,Kotbhairab1,7834636,29.4632,81.0325,1,,Far-Western,0,Seti,0,,,,,
904000001115,Kotila,7974815,29.58047,80.71305,1,,Far-Western,0,Mahakali,0,,,,,
904000001115,Kudari,7955905,29.22947,82.0113,1,,Mid-Western,0,Karnali,0,,,,,
904000001115,Kuldeumadau1,7834366,29.3811,81.3224,1,,Far-Western,0,Seti,0,,,,,
904000001115,Kunchha,1283171,28.12995,84.34285,1,,West,0,Gandaki,0,,,,,
904000001115,Kushmisera,7958572,28.18287,83.61676,1,, ,0,Dhaualagiri,0,,,,,
904000001115,Lamjung,1283151,28.25,84.41667,2,,West,0,Gandaki,0,,,,,
904000001115,Latinath1,7837887,29.7352,80.8071,1,,Far-Western,0,Mahakali,0,,,,,
904000001115,Majuwa1,7811311,27.4366,85.9097,1,,Central,0,Janakpur,0,,,,,
904000001115,Makadum1,7811319,27.4402,85.9714,1,,Central,0,Janakpur,0,,,,,
904000001115,Mamkha1,7804324,27.2882,86.5934,1,,East,0,Sagarmatha,0,,,,,
904000001115,Manthali,7800315,27.43301,85.30947,1,,Central,0,Narayani,0,,,,,
904000001115,Manthali,7968805,27.44794,85.28533,1,,Central,0,Narayani,0,,,,,
904000001115,Martadi,6254834,29.44694,81.48667,1,,Far-Western,0,Seti,0,,,,,
904000001115,Melauli,7976432,29.43143,80.42929,1,,Far-Western,0,Mahakali,0,,,,,
904000001115,Mugu,1283037,29.58333,82.41667,2,,Mid-Western,0,Karnali,0,,,,,
904000001115,Mukali1,7803973,27.4318,86.6949,1,,East,0,Sagarmatha,0,,,,,
904000001115,Myagdi,1283020,28.58333,83.33333,2,, ,0,Dhaualagiri,0,,,,,
904000001115,Nele,7801421,27.43973,86.63411,1,,East,0,Sagarmatha,0,,,,,
904000001115,Nele1,7804009,27.4376,86.6181,1,,East,0,Sagarmatha,0,,,,,
904000001115,Okhaldhunga,1282969,27.33333,86.41667,2,,East,0,Sagarmatha,0,,,,,
904000001115,Okhaldhunga,7948783,28.04803,84.52085,1,,West,0,Gandaki,0,,,,,
904000001115,Pakarbas,7981745,27.39225,86.00956,1,,Central,0,Janakpur,0,,,,,
904000001115,Pakhapani,7800205,28.09697,83.70486,1,, ,0,Dhaualagiri,0,,,,,
904000001115,Parakatne1,7834733,29.4711,81.0129,1,,Far-Western,0,Seti,0,,,,,
904000001115,Phaphlu,1282921,27.52063,86.59477,1,,East,0,Sagarmatha,0,,,,,
904000001115,Ramechhap,7801153,27.3303,86.06458,2,,Central,0,Janakpur,0,,,,,
904000001115,Rara Daha,1282863,29.52976,82.092,2,,Mid-Western,0,Karnali,0,,,,,
904000001115,Rimna,7953356,28.69644,82.27476,1,,Mid-Western,0,Bheri,0,,,,,
904000001115,Rumjatar,8007262,26.86503,86.53588,1,,East,0,Sagarmatha,0,,,,,
904000001115,Rumjatar1,7804468,27.2799,86.5691,1,,East,0,Sagarmatha,0,,,,,
904000001115,Salena,7980434,29.46522,80.44219,1,,Far-Western,0,Mahakali,0,,,,,
904000001115,Salena1,7837520,29.4431,80.4693,1,,Far-Western,0,Mahakali,0,,,,,
904000001115,Sallikhola,7951133,30.04272,81.64761,1,,Mid-Western,0,Karnali,0,,,,,
904000001115,Salme,7974636,28.04133,85.10094,1,,Central,0,Bagmati,0,,,,,
904000001115,Sanghu,8005569,27.34977,87.53703,1,,East,0,Mechi,0,,,,,
904000001115,Shikharpur1,7816581,27.4038,85.328,1,,Central,0,Narayani,0,,,,,
904000001115,Solukhumbu,1282758,27.75,86.75,2,,East,0,Sagarmatha,0,,,,,
904000001115,Sundarbazar,7800876,28.13188,84.41991,1,,West,0,Gandaki,0,,,,,
904000001115,Sunikot1,7834813,29.5887,81.233,1,,Far-Western,0,Seti,0,,,,,
904000001115,Talcha Airport,8425999,29.52164,82.14666,2,,Mid-Western,0,Karnali,0,,,,,
904000001115,Tamti,7958344,29.25428,81.66283,1,,Mid-Western,0,Karnali,0,,,,,
904000001115,Taplejung,1282713,27.66667,87.83333,2,,East,0,Mechi,0,,,,,
904000001115,Topla,1282649,29.10664,82.08621,1,,Mid-Western,0,Karnali,0,,,,,
904000001115,Triveni,7988517,28.57053,82.22425,1,,Mid-Western,0,Rapti,0,,,,,
904000001115,Tumkot,7944366,27.99072,83.13805,1,,West,0,Lumbini,0,,,,,
904000001120,Baireni,7799309,27.7682,84.9808,2,,Central,0,Bagmati,0,,,,,
904000001120,Dhading,1283471,27.86424,84.9283,2,,Central,0,Bagmati,0,,,,,
904000001120,Kumpur,7799502,27.8285,84.8856,2,,Central,0,Bagmati,0,,,,,
904000001120,Nalang,7799581,27.8701,84.8381,2,,Central,0,Bagmati,0,,,,,
904000001120,Salang,7799625,27.8381,84.8063,2,,Central,0,Bagmati,0,,,,,
904000001120,Sangkosh1,7815744,27.9296,84.9129,1,,Central,0,Bagmati,0,,,,,
904000001121,Bagmati Zone,1283710,27.91667,85.41667,3,,Central,0,Bagmati,0,,,,,
904000001122,Bagmati Zone,1283710,27.91667,85.41667,3,,Central,0,Bagmati,0,,,,,
904000001123,Bagmati Zone,1283710,27.91667,85.41667,3,,Central,0,Bagmati,0,,,,,
904000001138,Banlek1,7835528,29.291,80.7936,1,,Far-Western,0,Seti,0,,,,,
904000001138,Bastipur1,7806779,26.7661,86.4286,1,,East,0,Sagarmatha,0,,,,,
904000001138,Bheri Zone,1283606,28.58333,81.66667,3,,Mid-Western,0,Bheri,0,,,,,
904000001138,Dahakalikasthan1,7835591,29.3624,80.8863,1,,Far-Western,0,Seti,0,,,,,
904000001138,Dhodhana1,7806969,26.7939,86.4663,1,,East,0,Sagarmatha,0,,,,,
904000001138,Doti,1283425,29.25,80.91667,2,,Far-Western,0,Seti,0,,,,,
904000001138,Fulbariya,7802510,26.84563,86.28414,1,,East,0,Sagarmatha,0,,,,,
904000001138,Garpan2,7831429,28.6451,81.7247,1,,Mid-Western,0,Bheri,0,,,,,
904000001138,GhatGaun2,7831437,28.7972,81.2511,1,,Mid-Western,0,Bheri,0,,,,,
904000001138,Ghoreta1,7831445,28.6357,82.0097,1,,Mid-Western,0,Bheri,0,,,,,
904000001138,Guthu2,7831473,28.8936,81.308,1,,Mid-Western,0,Bheri,0,,,,,
904000001138,Kunathari1,7831535,28.7038,81.4351,1,,Mid-Western,0,Bheri,0,,,,,
904000001138,Lamikhal1,7835821,29.3322,80.8277,1,,Far-Western,0,Seti,0,,,,,
904000001138,Latamandau1,7835839,29.2521,80.8062,1,,Far-Western,0,Seti,0,,,,,
904000001138,Lekhgaun1,7831571,28.5226,81.5551,1,,Mid-Western,0,Bheri,0,,,,,
904000001138,Mannakapadi1,7835866,29.0612,80.8266,1,,Far-Western,0,Seti,0,,,,,
904000001138,Mudabhara1,7835874,29.237,80.8591,1,,Far-Western,0,Seti,0,,,,,
904000001138,Pachanali1,7835900,29.2612,80.881,1,,Far-Western,0,Seti,0,,,,,
904000001138,Rauta1,7805520,26.9649,86.6518,1,,East,0,Sagarmatha,0,,,,,
904000001138,Salkot1,7831706,28.8327,81.4703,1,,Mid-Western,0,Bheri,0,,,,,
904000001138,Siraha,1282771,26.75,86.33333,2,,East,0,Sagarmatha,0,,,,,
904000001138,Sirise1,7805574,27.0643,86.4448,1,,East,0,Sagarmatha,0,,,,,
904000001138,Sisawani1,7807568,26.7189,86.4345,1,,East,0,Sagarmatha,0,,,,,
904000001138,Udayapur,1282630,26.91667,86.66667,2,,East,0,Sagarmatha,0,,,,,
904000001138,Warpata1,7836017,29.3091,80.7929,1,,Far-Western,0,Seti,0,,,,,
904000001139,Federal Democratic Republic of Nepal,1282988,,,8,,,0,,0,,,,,
904000001139,Kathmandu District,1283241,27.7070365582655,85.3321838378906,2,,Central,0,Bagmati,0,,,,,
904000001140,Amaduwa,7801424,26.4269444444444,87.2187777777777,1,,East,0,Koshi,0,,,,,
904000001140,Amahibelaha,7801425,26.46166,87.19302,1,,East,0,Koshi,0,,,,,
904000001140,Arghakhanchi,1283726,27.9166667,83.0833333,2,,West,0,Lumbini,0,,,,,
904000001140,Babiya,7801426,26.5703666666666,87.1447,1,,East,0,Koshi,0,,,,,
904000001140,Basantapur,7800171,26.4888666666666,87.1045555555555,1,,East,0,Koshi,0,,,,,
904000001140,Bharaul,7802569,26.7488,87.1858111111111,1,,East,0,Koshi,0,,,,,
904000001140,Bhokraha,7801364,26.6260666666666,87.1015999999999,1,,East,0,Koshi,0,,,,,
904000001140,Dewanganj,7801432,26.45456,87.143,1,,East,0,Koshi,0,,,,,
904000001140,Dumraha,7997790,26.657374096,87.1490390165,1,,East,0,Koshi,0,,,,,
904000001140,Ghuski,7997755,26.4637713213,87.1092549548,1,,East,0,Koshi,0,,,,,
904000001140,Harinagar1,7832465,26.515,87.1289,1,,East,0,Koshi,0,,,,,
904000001140,Haripur,7800362,26.5419888888888,86.9793555555555,1,,East,0,Koshi,0,,,,,
904000001140,Jalpapur,7802576,26.5505,87.1341888888888,1,,East,0,Koshi,0,,,,,
904000001140,Kaptanganj,7802577,26.4277444444444,87.1406666666666,1,,East,0,Koshi,0,,,,,
904000001140,Laukahi,7801437,26.5971555555555,87.0651222222222,1,,East,0,Koshi,0,,,,,
904000001140,Madhuwan,7802580,26.6451222222222,87.0667444444444,1,,East,0,Koshi,0,,,,,
904000001140,Madhyeharsahi,7801438,26.4805222222222,87.1344888888889,1,,East,0,Koshi,0,,,,,
904000001140,Mahendranagar,7801439,26.7387555555555,87.1308222222222,1,,East,0,Koshi,0,,,,,
904000001140,Narshinhatappu,7801440,26.5746111111111,87.1062444444444,1,,East,0,Koshi,0,,,,,
904000001140,RamganjSenuwari,7801444,26.4700375,87.1599624999999,1,,East,0,Koshi,0,,,,,
904000001140,RamnagarBhutaha,7801445,26.5274999999999,87.1153222222222,1,,East,0,Koshi,0,,,,,
904000001140,Sahebganj,7802583,26.4135666666666,87.1814333333333,1,,East,0,Koshi,0,,,,,
904000001140,Santerjhora,7801446,26.5486777777777,87.1707333333333,1,,East,0,Koshi,0,,,,,
904000001140,Singiya,7801447,26.6900999999999,87.1724,1,,East,0,Koshi,0,,,,,
904000001140,Sripurjabdi,7801448,26.563,87.01951,1,,East,0,Koshi,0,,,,,
904000001141,Amaduwa,7801424,26.4269444444444,87.2187777777777,1,,East,0,Koshi,0,,,,,
904000001141,Amahibelaha,7801425,26.46166,87.19302,1,,East,0,Koshi,0,,,,,
904000001141,Arghakhanchi,1283726,27.9166667,83.0833333,2,,West,0,Lumbini,0,,,,,
904000001141,Babiya,7801426,26.5703666666666,87.1447,1,,East,0,Koshi,0,,,,,
904000001141,Basatpur,8199005,26.9552089993777,84.9885996463888,1,,Central,0,Narayani,0,,,,,
904000001141,Bhokraha,7800152,26.7868333333333,86.1575999999999,1,,East,0,Sagarmatha,0,,,,,
904000001141,Dumraha,7997790,26.657374096,87.1490390165,1,,East,0,Koshi,0,,,,,
904000001141,Ghuski,7997755,26.4637713213,87.1092549548,1,,East,0,Koshi,0,,,,,
904000001141,Harinagar1,7832465,26.515,87.1289,1,,East,0,Koshi,0,,,,,
904000001141,Haripur,7799125,27.025,85.5773,1,,Central,0,Janakpur,0,,,,,
904000001141,Jalpapur,7802576,26.5505,87.1341888888888,1,,East,0,Koshi,0,,,,,
904000001141,Kaptanganj,7802577,26.4277444444444,87.1406666666666,1,,East,0,Koshi,0,,,,,
904000001141,Laukahi,7801437,26.5971555555555,87.0651222222222,1,,East,0,Koshi,0,,,,,
904000001141,Madhuwan,7802580,26.6451222222222,87.0667444444444,1,,East,0,Koshi,0,,,,,
904000001141,Madhyeharsahi,7801438,26.4805222222222,87.1344888888889,1,,East,0,Koshi,0,,,,,
904000001141,Mahendranagar,1283095,28.9166667,80.3333333,1,,Far-Western,0,Mahakali,0,,,,,
904000001141,RamganjSenuwari,7801444,26.4700375,87.1599624999999,1,,East,0,Koshi,0,,,,,
904000001141,RamnagarBhutaha,7801445,26.5274999999999,87.1153222222222,1,,East,0,Koshi,0,,,,,
904000001141,Sahebganj,7802583,26.4135666666666,87.1814333333333,1,,East,0,Koshi,0,,,,,
904000001141,Santerjhora,7801446,26.5486777777777,87.1707333333333,1,,East,0,Koshi,0,,,,,
904000001142,Makwanpur,1283085,27.4166667,85.25,2,,Central,0,Narayani,0,,,,,
904000001144,Federal Democratic Republic of Nepal,1282988,,,6,,,0,,0,,,,,
904000001146,Pokhara,1282898,28.26689,83.96851,2,,West,0,Gandaki,0,,,,,
904000001149,Badgama,7802408,26.61053,86.91023,1,,East,0,Sagarmatha,0,,,,,
904000001149,Bairawa,7802409,26.58651,86.92228,1,,East,0,Sagarmatha,0,,,,,
904000001149,Baramjhiya,7801274,26.60738,86.89903,1,,East,0,Sagarmatha,0,,,,,
904000001149,Darakh,7798988,28.6394,80.9511,1,,Far-Western,0,Seti,0,,,,,
904000001149,Dhangarhi,1283467,28.70792,80.59611,2,,Far-Western,0,Seti,0,,,,,
904000001149,Dharampur,7801906,26.64757,86.9041,1,,East,0,Sagarmatha,0,,,,,
904000001149,Ghodaghodi Lake Area,8558438,28.68417,80.94528,5,,,0,,0,,,,,
904000001149,Ghoghanpur,7990904,26.66627,86.92284,1,,East,0,Sagarmatha,0,,,,,
904000001149,Haripur,7800362,26.54199,86.97936,1,,East,0,Koshi,0,,,,,
904000001149,Inaruwa,7799308,26.9057,85.2462,2,,Central,0,Narayani,0,,,,,
904000001149,Jagatpur,7801714,26.63251,86.9267,1,,East,0,Sagarmatha,0,,,,,
904000001149,Kailali,1283276,28.75,80.91667,2,,Far-Western,0,Seti,0,,,,,
904000001149,Kailali,1283276,28.75,80.9166667,2,,Far-Western,0,Seti,0,,,,,
904000001149,Kamalpur,7801289,26.68761,86.94818,1,,East,0,Sagarmatha,0,,,,,
904000001149,Kanchanpur,1283262,28.83333,80.33333,2,,Far-Western,0,Mahakali,0,,,,,
904000001149,Koshi Tappu Wildlife Reserve,6941110,26.65,87,5,,,0,,0,,,,,
904000001149,Kosi Zone,1283182,27.15,87.31667,3,,East,0,Koshi,0,,,,,
904000001149,Kushaha,7998235,26.62784,87.04757,1,,East,0,Koshi,0,,,,,
904000001149,Laukahi,7801437,26.5971555555555,87.0651222222222,1,,East,0,Koshi,0,,,,,
904000001149,Madhuwan,7802580,26.64512,87.06674,1,,East,0,Koshi,0,,,,,
904000001149,Mahakali Zone,1283098,29.41667,80.55,3,,Far-Western,0,Mahakali,0,,,,,
904000001149,Mahendaranagar,8436632,28.83333,80.33333,2,,Far-Western,0,Mahakali,0,,,,,
904000001149,Odraha,7802449,26.7046222222222,86.9684555555555,1,,East,0,Sagarmatha,0,,,,,
904000001149,Pipra,7991292,26.65494,86.94196,1,,East,0,Sagarmatha,0,,,,,
904000001149,Prakashpur,7802582,26.6919999999999,87.0883444444444,1,,East,0,Koshi,0,,,,,
904000001149,Purwanchal,7289708,27.23998,87.14802,3,,East,0,Koshi,0,,,,,
904000001149,RamsikharJhala,7799159,28.76,80.9444,1,,Far-Western,0,Seti,0,,,,,
904000001149,Sadepani,7799169,28.6883,80.9933,1,,Far-Western,0,Seti,0,,,,,
904000001149,Saptari,1282810,26.5833333,86.75,2,,East,0,Sagarmatha,0,,,,,
904000001149,Seti Zone,1282797,29.25,81.16667,3,,Far-Western,0,Seti,0,,,,,
904000001149,Sripurjabdi,7801448,26.563,87.01951,1,,East,0,Koshi,0,,,,,
904000001149,Sudur Pashchimanchal,7289705,29.30915,80.91534,3,,Far-Western,0,Seti,0,,,,,
904000001149,Sunsari,1282744,26.6666667,87.1666667,2,,East,0,Koshi,0,,,,,
904000001149,Tapeswori,7802705,26.7563888888888,86.9781666666666,1,,East,0,Sagarmatha,0,,,,,
904000001149,Udayapur,1282630,26.9166667,86.6666667,2,,East,0,Sagarmatha,0,,,,,
904000001150,Pokhara,1282898,28.26689,83.96851,2,,West,0,Gandaki,0,,,,,
904000001151,Kathmandu,1283240,27.70169,85.3206,2,,Central,0,Bagmati,0,,,,,
904000001153,Nepal,1282988,,,6,,,0,,0,,,,,
904000001154,Argha,7799564,28.0145,83.1048,1,,West,0,Lumbini,0,,,,,
904000001154,Arghakhanchi,1283726,27.9166667,83.0833333,2,,West,0,Lumbini,0,,,,,
904000001154,Asrang,7799941,27.4564,85.3252,1,,Central,0,Bagmati,0,,,,,
904000001154,Bangi,7799612,28.046,83.0963,1,,West,0,Lumbini,0,,,,,
904000001154,Bansar,7800846,28.2569555555555,84.4532,1,,West,0,Gandaki,0,,,,,
904000001154,Bharte,7800848,28.1477111111111,84.4688888888889,1,,West,0,Gandaki,0,,,,,
904000001154,Chiti,7800854,28.2015111111111,84.4380555555555,1,,West,0,Gandaki,0,,,,,
904000001154,Dhakabang,7940024,28.05863,83.01341,1,,West,0,Lumbini,0,,,,,
904000001154,Dharapani,7799741,28.0204,83.0459,1,,West,0,Lumbini,0,,,,,
904000001154,Dhodeni,7800855,28.2483888888888,84.5053444444444,1,,West,0,Gandaki,0,,,,,
904000001154,Dibharna,7799766,28.0095,83.1569,1,,West,0,Lumbini,0,,,,,
904000001154,Gankhu,8010212,27.690472893,85.402575704,1,,Central,0,Bagmati,0,,,,,
904000001154,Gokhunga,7941216,28.0843598098,83.016199821,1,,West,0,Lumbini,0,,,,,
904000001154,Gorkha,1283379,28.3333333,84.8333333,2,,West,0,Gandaki,0,,,,,
904000001154,Hansapur,7799100,28.1691,84.6387,1,,West,0,Gandaki,0,,,,,
904000001154,Hiletaksar,7800861,28.2170777777777,84.4207444444444,1,,West,0,Gandaki,0,,,,,
904000001154,Kimdanda,7941894,27.9884470512,83.0988394105,1,,West,0,Lumbini,0,,,,,
904000001154,Lamjung,1283151,28.25,84.4166667,2,,West,0,Gandaki,0,,,,,
904000001154,Majh Khana,7942510,28.05755,83.14082,1,,West,0,Lumbini,0,,,,,
904000001154,Masel,7799251,28.0473,84.6939,1,,West,0,Gandaki,0,,,,,
904000001154,Mohoriyakot,7800865,28.1305999999999,84.4739777777777,1,,West,0,Gandaki,0,,,,,
904000001154,Muchhok,7799259,28.1391,84.6642,1,,West,0,Gandaki,0,,,,,
904000001154,Nareshwor,7799270,28.0295,84.6282,1,,West,0,Gandaki,0,,,,,
904000001154,Nauthar,7800867,28.2107777777777,84.4774444444444,1,,West,0,Gandaki,0,,,,,
904000001154,Phaleni,7966382,28.2570368974,84.4832733165,1,,West,0,Gandaki,0,,,,,
904000001154,Phinam,7948384,28.0080602274,84.6525302832,1,,West,0,Gandaki,0,,,,,
904000001154,Saurpani,7799322,28.1388,84.7188,1,,West,0,Gandaki,0,,,,,
904000001154,ShreeBhanjyang,7800874,28.1878444444444,84.4728777777777,1,,West,0,Gandaki,0,,,,,
904000001154,Shreenathkot,7799332,28.087,84.6393,1,,West,0,Gandaki,0,,,,,
904000001154,Takumajhalakuribot,7799396,28.1006,84.681,1,,West,0,Gandaki,0,,,,,
904000001154,Taple,7799446,28.0254,84.6775,1,,West,0,Gandaki,0,,,,,
904000001154,Wangal,7982108,28.1790101931,85.3485239548,1,,Central,0,Bagmati,0,,,,,
904000001155,Accham,1283743,29.0833333,81.3333333,2,,Far-Western,0,Seti,0,,,,,
904000001155,Bajhang,1283699,29.6666667,81.25,2,,Far-Western,0,Seti,0,,,,,
904000001155,Bajura,1283697,29.5,81.5,2,,Far-Western,0,Seti,0,,,,,
904000001155,Banke,1283676,28.1666667,81.8333333,2,,Mid-Western,0,Bheri,0,,,,,
904000001155,Bara,1283670,27.0833333,85.0833333,2,,Central,0,Narayani,0,,,,,
904000001155,Bardiya,1283663,28.3333333,81.4166667,2,,Mid-Western,0,Bheri,0,,,,,
904000001155,Bhaktapur,1283618,27.6673377313517,85.41672706604,2,,Central,0,Bagmati,0,,,,,
904000001155,Chitawan,1283517,27.5833333,84.5,2,,Central,0,Narayani,0,,,,,
904000001155,Dadeldhura,1283500,29.25,80.4166667,2,,Far-Western,0,Mahakali,0,,,,,
904000001155,Dailekh,1283497,28.8333333,81.6666667,2,,Mid-Western,0,Bheri,0,,,,,
904000001155,Dang,1283489,28,82.4166667,2,,Mid-Western,0,Rapti,0,,,,,
904000001155,Dhankuta,1283466,27,87.3333333,2,,East,0,Koshi,0,,,,,
904000001155,Dhanusa,7648379,26.83,86.01,2,,Central,0,Janakpur,0,,,,,
904000001155,Dolpa,1283428,29.1666667,83.0833333,2,,Mid-Western,0,Karnali,0,,,,,
904000001155,Doti,1283425,29.25,80.9166667,2,,Far-Western,0,Seti,0,,,,,
904000001155,Humla,1283335,29.9166667,81.9166667,2,,Mid-Western,0,Karnali,0,,,,,
904000001155,Ilam,1283334,26.9166667,87.9166667,2,,East,0,Mechi,0,,,,,
904000001155,Jajarkot,1283325,28.8333333,82.25,2,,Mid-Western,0,Bheri,0,,,,,
904000001155,Jhapa,1283307,26.5833333,87.9166667,2,,East,0,Mechi,0,,,,,
904000001155,Jumla,1283287,29.275278,82.183332,2,,Mid-Western,0,Karnali,0,,,,,
904000001155,Kailali,1283276,28.75,80.9166667,2,,Far-Western,0,Seti,0,,,,,
904000001155,Kalikot,1283269,29.25,81.8333333,2,,Mid-Western,0,Karnali,0,,,,,
904000001155,Kanchanpur,1283262,28.8333333,80.3333333,2,,Far-Western,0,Mahakali,0,,,,,
904000001155,Kapilvastu,1283251,27.6666667,82.9166667,2,,West,0,Lumbini,0,,,,,
904000001155,Kaski,1283243,28.3333333,84,2,,West,0,Gandaki,0,,,,,
904000001155,Kathmandu District,1283241,27.7070365582655,85.3321838378906,2,,Central,0,Bagmati,0,,,,,
904000001155,Kavrepalanchok,1283282,27.5833333,85.6666667,2,,Central,0,Bagmati,0,,,,,
904000001155,Lalitpur,1283154,27.5833333,85.3333333,2,,Central,0,Bagmati,0,,,,,
904000001155,Mahottari,1283094,26.9166667,85.8333333,2,,Central,0,Janakpur,0,,,,,
904000001155,Makwanpur,1283085,27.4166667,85.25,2,,Central,0,Narayani,0,,,,,
904000001155,Morang,1283040,26.6666667,87.5,2,,East,0,Koshi,0,,,,,
904000001155,Mugu,1283037,29.5833333,82.4166667,2,,Mid-Western,0,Karnali,0,,,,,
904000001155,Nawalparasi,1282991,27.6666667,83.9166667,2,,West,0,Lumbini,0,,,,,
904000001155,Palpa,1282954,27.75,83.6666667,2,,West,0,Lumbini,0,,,,,
904000001155,Panchthar,1282947,27.1666667,87.8333333,2,,East,0,Mechi,0,,,,,
904000001155,Parsa,1282938,27.3333333,84.8333333,2,,Central,0,Narayani,0,,,,,
904000001155,Rasuwa,1282859,28.1666667,85.3333333,2,,Central,0,Bagmati,0,,,,,
904000001155,Rautahat,1282856,27,85.3333333,2,,Central,0,Narayani,0,,,,,
904000001155,Rukum,1282843,28.75,82.5833333,2,,Mid-Western,0,Rapti,0,,,,,
904000001155,Rupandehi,1282837,27.6666667,83.4166667,2,,West,0,Lumbini,0,,,,,
904000001155,Saptari,1282810,26.5833333,86.75,2,,East,0,Sagarmatha,0,,,,,
904000001155,Sarlahi,1282806,27,85.5833333,2,,Central,0,Janakpur,0,,,,,
904000001155,Siraha,1282771,26.75,86.3333333,2,,East,0,Sagarmatha,0,,,,,
904000001155,Sunsari,1282744,26.6666667,87.1666667,2,,East,0,Koshi,0,,,,,
904000001155,Surkhet,7649119,28.517456,81.7787021,2,,Mid-Western,0,Bheri,0,,,,,
904000001155,Surkhet,7667450,28.51746,81.7787,2,,Mid-Western,0,Bheri,0,,,,,
904000001155,Syangia,1282734,28,83.8333333,2,,West,0,Gandaki,0,,,,,
904000001155,Tanahun,1282722,27.9166667,84.25,2,,West,0,Gandaki,0,,,,,
904000001155,Udayapur,1282630,26.9166667,86.6666667,2,,East,0,Sagarmatha,0,,,,,
904000001159,Lalitpur,1283154,27.5833333,85.3333333,2,,Central,0,Bagmati,0,,,,,
904000001161,Kathmandu,1283240,27.70169,85.3206,1,,Central,0,Bagmati,0,,,,,
904000001162,Federal Democratic Republic of Nepal,1282988,,,6,,,0,,0,,,,,
904000001162,Federal Democratic Republic of Nepal,1282988,,,6,,,0,,0,,,,,
904000001162,Rummin-dei,1282839,27.48619,83.27714,2,,West,0,Lumbini,0,,,,,
904000001162,Sudur Pashchimanchal,7289705,29.30915,80.91534,3,,Far-Western,0,Seti,0,,,,,
904000001165,Accham,1283743,29.0833333,81.3333333,2,,Far-Western,0,Seti,0,,,,,
904000001165,Arghakhanchi,1283726,27.9166667,83.0833333,2,,West,0,Lumbini,0,,,,,
904000001165,Baglung,1283712,28.4166667,83.1666667,2,, ,0,Dhaualagiri,0,,,,,
904000001165,Baitadi,1283701,29.5,80.5833333,2,,Far-Western,0,Mahakali,0,,,,,
904000001165,Bajhang,1283699,29.6666667,81.25,2,,Far-Western,0,Seti,0,,,,,
904000001165,Bajura,1283697,29.5,81.5,2,,Far-Western,0,Seti,0,,,,,
904000001165,Banke,1283676,28.1666667,81.8333333,2,,Mid-Western,0,Bheri,0,,,,,
904000001165,Bara,1283670,27.08333,85.08333,2,,Central,0,Narayani,0,,,,,
904000001165,Bardiya,1283663,28.3333333,81.4166667,2,,Mid-Western,0,Bheri,0,,,,,
904000001165,Bhaktapur,1283618,27.6673377313517,85.41672706604,2,,Central,0,Bagmati,0,,,,,
904000001165,Bhojpur,1283601,27.25,87.0833333,2,,East,0,Koshi,0,,,,,
904000001165,Chitawan,1283517,27.5833333,84.5,2,,Central,0,Narayani,0,,,,,
904000001165,Dadeldhura,1283500,29.25,80.4166667,2,,Far-Western,0,Mahakali,0,,,,,
904000001165,Dailekh,1283497,28.8333333,81.6666667,2,,Mid-Western,0,Bheri,0,,,,,
904000001165,Dang Deukhuri District,1283489,28.1168050672855,82.3171234130859,2,,Mid-Western,0,Rapti,0,,,,,
904000001165,Darchula,1283485,29.9166667,80.75,2,,Far-Western,0,Mahakali,0,,,,,
904000001165,Dhading,1283472,28,84.9166667,2,,Central,0,Bagmati,0,,,,,
904000001165,Dhankuta,1283466,27,87.3333333,2,,East,0,Koshi,0,,,,,
904000001165,Dhanusa,7648379,26.83,86.01,2,,Central,0,Janakpur,0,,,,,
904000001165,Dolakha,1283431,27.8333333,86.25,2,,Central,0,Janakpur,0,,,,,
904000001165,Dolpa,1283428,29.1666667,83.0833333,2,,Mid-Western,0,Karnali,0,,,,,
904000001165,Doti,1283425,29.25,80.9166667,2,,Far-Western,0,Seti,0,,,,,
904000001165,Gorkha,1283379,28.3333333,84.8333333,2,,West,0,Gandaki,0,,,,,
904000001165,Gulmi,1283367,28.0833333,83.3333333,2,,West,0,Lumbini,0,,,,,
904000001165,Humla,1283335,29.9166667,81.9166667,2,,Mid-Western,0,Karnali,0,,,,,
904000001165,Ilam,1283334,26.9166667,87.9166667,2,,East,0,Mechi,0,,,,,
904000001165,Jajarkot,1283325,28.8333333,82.25,2,,Mid-Western,0,Bheri,0,,,,,
904000001165,Jhapa,1283307,26.5833333,87.9166667,2,,East,0,Mechi,0,,,,,
904000001165,Jumla,1283287,29.275278,82.183332,2,,Mid-Western,0,Karnali,0,,,,,
904000001165,Kailali,1283276,28.75,80.9166667,2,,Far-Western,0,Seti,0,,,,,
904000001165,Kalikot,1283269,29.25,81.8333333,2,,Mid-Western,0,Karnali,0,,,,,
904000001165,Kanchanpur,1283262,28.83333,80.33333,2,,Far-Western,0,Mahakali,0,,,,,
904000001165,Kapilvastu,1283251,27.6666667,82.9166667,2,,West,0,Lumbini,0,,,,,
904000001165,Kaski,1283243,28.33333,84,2,,West,0,Gandaki,0,,,,,
904000001165,Kathmandu District,1283241,27.7070365582655,85.3321838378906,2,,Central,0,Bagmati,0,,,,,
904000001165,Kavrepalanchok,1283282,27.5833333,85.6666667,2,,Central,0,Bagmati,0,,,,,
904000001165,Khotang,1283202,27.25,86.8333333,2,,East,0,Sagarmatha,0,,,,,
904000001165,Lalitpur,1283154,27.5833333,85.3333333,2,,Central,0,Bagmati,0,,,,,
904000001165,Lamjung,1283151,28.25,84.4166667,2,,West,0,Gandaki,0,,,,,
904000001165,Mahottari,1283094,26.9166667,85.8333333,2,,Central,0,Janakpur,0,,,,,
904000001165,Makwanpur,1283085,27.4166667,85.25,2,,Central,0,Narayani,0,,,,,
904000001165,Manang,1283077,28.6666667,84.25,2,,West,0,Gandaki,0,,,,,
904000001165,Morang,1283040,26.66667,87.5,2,,East,0,Koshi,0,,,,,
904000001165,Mugu,1283037,29.5833333,82.4166667,2,,Mid-Western,0,Karnali,0,,,,,
904000001165,Mustang,1283023,28.91667,83.91667,2,, ,0,Dhaualagiri,0,,,,,
904000001165,Myagdi,1283020,28.5833333,83.3333333,2,, ,0,Dhaualagiri,0,,,,,
904000001165,Nawalparasi,1282991,27.6666667,83.9166667,2,,West,0,Lumbini,0,,,,,
904000001165,Nuwakot,1282973,27.9166667,85.25,2,,Central,0,Bagmati,0,,,,,
904000001165,Okhaldhunga,1282969,27.3333333,86.4166667,2,,East,0,Sagarmatha,0,,,,,
904000001165,Palpa,1282954,27.75,83.6666667,2,,West,0,Lumbini,0,,,,,
904000001165,Panchthar,1282947,27.1666667,87.8333333,2,,East,0,Mechi,0,,,,,
904000001165,Parbat,1282939,28.4166667,83.6666667,2,, ,0,Dhaualagiri,0,,,,,
904000001165,Parsa,1282938,27.33333,84.83333,2,,Central,0,Narayani,0,,,,,
904000001165,Pyuthan,1282888,28.0833333,82.8333333,2,,Mid-Western,0,Rapti,0,,,,,
904000001165,Ramechhap,1282879,27.4166667,86.0833333,2,,Central,0,Janakpur,0,,,,,
904000001165,Rasuwa,1282859,28.1666667,85.3333333,2,,Central,0,Bagmati,0,,,,,
904000001165,Rautahat,1282856,27,85.3333333,2,,Central,0,Narayani,0,,,,,
904000001165,Rolpa,1282847,28.4166667,82.75,2,,Mid-Western,0,Rapti,0,,,,,
904000001165,Rukum,1282843,28.75,82.5833333,2,,Mid-Western,0,Rapti,0,,,,,
904000001165,Rupandehi,1282837,27.6666667,83.4166667,2,,West,0,Lumbini,0,,,,,
904000001165,Salyan,1282827,28.4166667,82.25,2,,Mid-Western,0,Rapti,0,,,,,
904000001165,Sankhuwasabha,1282812,27.5833333,87.3333333,2,,East,0,Koshi,0,,,,,
904000001165,Saptari,1282810,26.5833333,86.75,2,,East,0,Sagarmatha,0,,,,,
904000001165,Sarlahi,1282806,27,85.5833333,2,,Central,0,Janakpur,0,,,,,
904000001165,Sindhuli,1282776,27.25,86,2,,Central,0,Janakpur,0,,,,,
904000001165,Sindhupalchok,7647006,27.8293608597897,85.5450439453125,2,,Central,0,Bagmati,0,,,,,
904000001165,Siraha,1282771,26.75,86.3333333,2,,East,0,Sagarmatha,0,,,,,
904000001165,Solukhumba,1282758,27.75,86.75,2,,East,0,Sagarmatha,0,,,,,
904000001165,Sunsari,1282744,26.6666667,87.1666667,2,,East,0,Koshi,0,,,,,
904000001165,Surkhet,7667450,28.51746,81.7787,2,,Mid-Western,0,Bheri,0,,,,,
904000001165,Syangia,1282734,28,83.8333333,2,,West,0,Gandaki,0,,,,,
904000001165,Tanahun,1282722,27.9166667,84.25,2,,West,0,Gandaki,0,,,,,
904000001165,Taplejung,1282713,27.6666667,87.8333333,2,,East,0,Mechi,0,,,,,
904000001165,Terhathum,7732361,27.15,87.55,2,,East,0,Koshi,0,,,,,
904000001165,Udayapur,1282630,26.9166667,86.6666667,2,,East,0,Sagarmatha,0,,,,,
904000001167,Accham,1283743,29.0833333,81.3333333,2,,Far-Western,0,Seti,0,,,,,
904000001167,Arghakhanchi,1283726,27.9166667,83.0833333,2,,West,0,Lumbini,0,,,,,
904000001167,Baglung,1283712,28.4166667,83.1666667,2,, ,0,Dhaualagiri,0,,,,,
904000001167,Baitadi,1283701,29.5,80.5833333,2,,Far-Western,0,Mahakali,0,,,,,
904000001167,Bajhang,1283699,29.6666667,81.25,2,,Far-Western,0,Seti,0,,,,,
904000001167,Bajura,1283697,29.5,81.5,2,,Far-Western,0,Seti,0,,,,,
904000001167,Banke,1283676,28.1666667,81.8333333,2,,Mid-Western,0,Bheri,0,,,,,
904000001167,Bara,1283670,27.08333,85.08333,2,,Central,0,Narayani,0,,,,,
904000001167,Bardiya,1283663,28.3333333,81.4166667,2,,Mid-Western,0,Bheri,0,,,,,
904000001167,Bhaktapur,1283618,27.6673377313517,85.41672706604,2,,Central,0,Bagmati,0,,,,,
904000001167,Bhojpur,1283601,27.25,87.0833333,2,,East,0,Koshi,0,,,,,
904000001167,Chitawan,1283517,27.5833333,84.5,2,,Central,0,Narayani,0,,,,,
904000001167,Dadeldhura,1283500,29.25,80.4166667,2,,Far-Western,0,Mahakali,0,,,,,
904000001167,Dailekh,1283497,28.8333333,81.6666667,2,,Mid-Western,0,Bheri,0,,,,,
904000001167,Dang Deukhuri District,1283489,28.1168050672855,82.3171234130859,2,,Mid-Western,0,Rapti,0,,,,,
904000001167,Darchula,1283485,29.9166667,80.75,2,,Far-Western,0,Mahakali,0,,,,,
904000001167,Dhading,1283472,28,84.9166667,2,,Central,0,Bagmati,0,,,,,
904000001167,Dhankuta,1283466,27,87.3333333,2,,East,0,Koshi,0,,,,,
904000001167,Dhanusa,7648379,26.83,86.01,2,,Central,0,Janakpur,0,,,,,
904000001167,Dolakha,1283431,27.8333333,86.25,2,,Central,0,Janakpur,0,,,,,
904000001167,Dolpa,1283428,29.1666667,83.0833333,2,,Mid-Western,0,Karnali,0,,,,,
904000001167,Doti,1283425,29.25,80.9166667,2,,Far-Western,0,Seti,0,,,,,
904000001167,Gorkha,1283379,28.3333333,84.8333333,2,,West,0,Gandaki,0,,,,,
904000001167,Gulmi,1283367,28.0833333,83.3333333,2,,West,0,Lumbini,0,,,,,
904000001167,Humla,1283335,29.9166667,81.9166667,2,,Mid-Western,0,Karnali,0,,,,,
904000001167,Ilam,1283334,26.9166667,87.9166667,2,,East,0,Mechi,0,,,,,
904000001167,Jajarkot,1283325,28.8333333,82.25,2,,Mid-Western,0,Bheri,0,,,,,
904000001167,Jhapa,1283307,26.5833333,87.9166667,2,,East,0,Mechi,0,,,,,
904000001167,Jumla,1283287,29.275278,82.183332,2,,Mid-Western,0,Karnali,0,,,,,
904000001167,Kailali,1283276,28.75,80.9166667,2,,Far-Western,0,Seti,0,,,,,
904000001167,Kalikot,1283269,29.25,81.8333333,2,,Mid-Western,0,Karnali,0,,,,,
904000001167,Kanchanpur,1283262,28.83333,80.33333,2,,Far-Western,0,Mahakali,0,,,,,
904000001167,Kapilvastu,1283251,27.6666667,82.9166667,2,,West,0,Lumbini,0,,,,,
904000001167,Kaski,1283243,28.33333,84,2,,West,0,Gandaki,0,,,,,
904000001167,Kathmandu District,1283241,27.7070365582655,85.3321838378906,2,,Central,0,Bagmati,0,,,,,
904000001167,Kavrepalanchok,1283282,27.5833333,85.6666667,2,,Central,0,Bagmati,0,,,,,
904000001167,Khotang,1283202,27.25,86.8333333,2,,East,0,Sagarmatha,0,,,,,
904000001167,Lalitpur,1283154,27.5833333,85.3333333,2,,Central,0,Bagmati,0,,,,,
904000001167,Lamjung,1283151,28.25,84.4166667,2,,West,0,Gandaki,0,,,,,
904000001167,Mahottari,1283094,26.9166667,85.8333333,2,,Central,0,Janakpur,0,,,,,
904000001167,Makwanpur,1283085,27.4166667,85.25,2,,Central,0,Narayani,0,,,,,
904000001167,Manang,1283077,28.6666667,84.25,2,,West,0,Gandaki,0,,,,,
904000001167,Morang,1283040,26.66667,87.5,2,,East,0,Koshi,0,,,,,
904000001167,Mugu,1283037,29.5833333,82.4166667,2,,Mid-Western,0,Karnali,0,,,,,
904000001167,Mustang,1283023,28.91667,83.91667,2,, ,0,Dhaualagiri,0,,,,,
904000001167,Myagdi,1283020,28.5833333,83.3333333,2,, ,0,Dhaualagiri,0,,,,,
904000001167,Nawalparasi,1282991,27.6666667,83.9166667,2,,West,0,Lumbini,0,,,,,
904000001167,Nuwakot,1282973,27.9166667,85.25,2,,Central,0,Bagmati,0,,,,,
904000001167,Okhaldhunga,1282969,27.3333333,86.4166667,2,,East,0,Sagarmatha,0,,,,,
904000001167,Palpa,1282954,27.75,83.6666667,2,,West,0,Lumbini,0,,,,,
904000001167,Panchthar,1282947,27.1666667,87.8333333,2,,East,0,Mechi,0,,,,,
904000001167,Parbat,1282939,28.4166667,83.6666667,2,, ,0,Dhaualagiri,0,,,,,
904000001167,Parsa,1282938,27.33333,84.83333,2,,Central,0,Narayani,0,,,,,
904000001167,Pyuthan,1282888,28.0833333,82.8333333,2,,Mid-Western,0,Rapti,0,,,,,
904000001167,Ramechhap,1282879,27.4166667,86.0833333,2,,Central,0,Janakpur,0,,,,,
904000001167,Rasuwa,1282859,28.1666667,85.3333333,2,,Central,0,Bagmati,0,,,,,
904000001167,Rautahat,1282856,27,85.3333333,2,,Central,0,Narayani,0,,,,,
904000001167,Rolpa,1282847,28.4166667,82.75,2,,Mid-Western,0,Rapti,0,,,,,
904000001167,Rukum,1282843,28.75,82.5833333,2,,Mid-Western,0,Rapti,0,,,,,
904000001167,Rupandehi,1282837,27.6666667,83.4166667,2,,West,0,Lumbini,0,,,,,
904000001167,Salyan,1282827,28.4166667,82.25,2,,Mid-Western,0,Rapti,0,,,,,
904000001167,Sankhuwasabha,1282812,27.5833333,87.3333333,2,,East,0,Koshi,0,,,,,
904000001167,Saptari,1282810,26.5833333,86.75,2,,East,0,Sagarmatha,0,,,,,
904000001167,Sarlahi,1282806,27,85.5833333,2,,Central,0,Janakpur,0,,,,,
904000001167,Sindhuli,1282776,27.25,86,2,,Central,0,Janakpur,0,,,,,
904000001167,Sindhupalchok,7647006,27.8293608597897,85.5450439453125,2,,Central,0,Bagmati,0,,,,,
904000001167,Siraha,1282771,26.75,86.3333333,2,,East,0,Sagarmatha,0,,,,,
904000001167,Solukhumba,1282758,27.75,86.75,2,,East,0,Sagarmatha,0,,,,,
904000001167,Sunsari,1282744,26.6666667,87.1666667,2,,East,0,Koshi,0,,,,,
904000001167,Surkhet,7667450,28.51746,81.7787,2,,Mid-Western,0,Bheri,0,,,,,
904000001167,Syangia,1282734,28,83.8333333,2,,West,0,Gandaki,0,,,,,
904000001167,Tanahun,1282722,27.9166667,84.25,2,,West,0,Gandaki,0,,,,,
904000001167,Taplejung,1282713,27.6666667,87.8333333,2,,East,0,Mechi,0,,,,,
904000001167,Terhathum,7732361,27.15,87.55,2,,East,0,Koshi,0,,,,,
904000001167,Udayapur,1282630,26.9166667,86.6666667,2,,East,0,Sagarmatha,0,,,,,
904000001168,Accham,1283743,29.0833333,81.3333333,2,,Far-Western,0,Seti,0,,,,,
904000001168,Arghakhanchi,1283726,27.9166667,83.0833333,2,,West,0,Lumbini,0,,,,,
904000001168,Baglung,1283712,28.4166667,83.1666667,2,, ,0,Dhaualagiri,0,,,,,
904000001168,Baitadi,1283701,29.5,80.5833333,2,,Far-Western,0,Mahakali,0,,,,,
904000001168,Bajhang,1283699,29.6666667,81.25,2,,Far-Western,0,Seti,0,,,,,
904000001168,Bajura,1283697,29.5,81.5,2,,Far-Western,0,Seti,0,,,,,
904000001168,Banke,1283676,28.1666667,81.8333333,2,,Mid-Western,0,Bheri,0,,,,,
904000001168,Bara,1283670,27.08333,85.08333,2,,Central,0,Narayani,0,,,,,
904000001168,Bardiya,1283663,28.3333333,81.4166667,2,,Mid-Western,0,Bheri,0,,,,,
904000001168,Bhaktapur,1283618,27.6673377313517,85.41672706604,2,,Central,0,Bagmati,0,,,,,
904000001168,Bhojpur,1283601,27.25,87.0833333,2,,East,0,Koshi,0,,,,,
904000001168,Chitawan,1283517,27.5833333,84.5,2,,Central,0,Narayani,0,,,,,
904000001168,Dadeldhura,1283500,29.25,80.4166667,2,,Far-Western,0,Mahakali,0,,,,,
904000001168,Dailekh,1283497,28.8333333,81.6666667,2,,Mid-Western,0,Bheri,0,,,,,
904000001168,Dang Deukhuri District,1283489,28.1168050672855,82.3171234130859,2,,Mid-Western,0,Rapti,0,,,,,
904000001168,Darchula,1283485,29.9166667,80.75,2,,Far-Western,0,Mahakali,0,,,,,
904000001168,Dhading,1283472,28,84.9166667,2,,Central,0,Bagmati,0,,,,,
904000001168,Dhankuta,1283466,27,87.3333333,2,,East,0,Koshi,0,,,,,
904000001168,Dhanusa,7648379,26.83,86.01,2,,Central,0,Janakpur,0,,,,,
904000001168,Dolakha,1283431,27.8333333,86.25,2,,Central,0,Janakpur,0,,,,,
904000001168,Dolpa,1283428,29.1666667,83.0833333,2,,Mid-Western,0,Karnali,0,,,,,
904000001168,Doti,1283425,29.25,80.9166667,2,,Far-Western,0,Seti,0,,,,,
904000001168,Gorkha,1283379,28.3333333,84.8333333,2,,West,0,Gandaki,0,,,,,
904000001168,Gulmi,1283367,28.0833333,83.3333333,2,,West,0,Lumbini,0,,,,,
904000001168,Humla,1283335,29.9166667,81.9166667,2,,Mid-Western,0,Karnali,0,,,,,
904000001168,Ilam,1283334,26.9166667,87.9166667,2,,East,0,Mechi,0,,,,,
904000001168,Jajarkot,1283325,28.8333333,82.25,2,,Mid-Western,0,Bheri,0,,,,,
904000001168,Jhapa,1283307,26.5833333,87.9166667,2,,East,0,Mechi,0,,,,,
904000001168,Jumla,1283287,29.275278,82.183332,2,,Mid-Western,0,Karnali,0,,,,,
904000001168,Kailali,1283276,28.75,80.9166667,2,,Far-Western,0,Seti,0,,,,,
904000001168,Kalikot,1283269,29.25,81.8333333,2,,Mid-Western,0,Karnali,0,,,,,
904000001168,Kanchanpur,1283262,28.83333,80.33333,2,,Far-Western,0,Mahakali,0,,,,,
904000001168,Kapilvastu,1283251,27.6666667,82.9166667,2,,West,0,Lumbini,0,,,,,
904000001168,Kaski,1283243,28.33333,84,2,,West,0,Gandaki,0,,,,,
904000001168,Kathmandu District,1283241,27.7070365582655,85.3321838378906,2,,Central,0,Bagmati,0,,,,,
904000001168,Kavrepalanchok,1283282,27.5833333,85.6666667,2,,Central,0,Bagmati,0,,,,,
904000001168,Khotang,1283202,27.25,86.8333333,2,,East,0,Sagarmatha,0,,,,,
904000001168,Lalitpur,1283154,27.5833333,85.3333333,2,,Central,0,Bagmati,0,,,,,
904000001168,Lamjung,1283151,28.25,84.4166667,2,,West,0,Gandaki,0,,,,,
904000001168,Mahottari,1283094,26.9166667,85.8333333,2,,Central,0,Janakpur,0,,,,,
904000001168,Makwanpur,1283085,27.4166667,85.25,2,,Central,0,Narayani,0,,,,,
904000001168,Manang,1283077,28.6666667,84.25,2,,West,0,Gandaki,0,,,,,
904000001168,Morang,1283040,26.66667,87.5,2,,East,0,Koshi,0,,,,,
904000001168,Mugu,1283037,29.5833333,82.4166667,2,,Mid-Western,0,Karnali,0,,,,,
904000001168,Mustang,1283023,28.91667,83.91667,2,, ,0,Dhaualagiri,0,,,,,
904000001168,Myagdi,1283020,28.5833333,83.3333333,2,, ,0,Dhaualagiri,0,,,,,
904000001168,Nawalparasi,1282991,27.6666667,83.9166667,2,,West,0,Lumbini,0,,,,,
904000001168,Nuwakot,1282973,27.9166667,85.25,2,,Central,0,Bagmati,0,,,,,
904000001168,Okhaldhunga,1282969,27.3333333,86.4166667,2,,East,0,Sagarmatha,0,,,,,
904000001168,Palpa,1282954,27.75,83.6666667,2,,West,0,Lumbini,0,,,,,
904000001168,Panchthar,1282947,27.1666667,87.8333333,2,,East,0,Mechi,0,,,,,
904000001168,Parbat,1282939,28.4166667,83.6666667,2,, ,0,Dhaualagiri,0,,,,,
904000001168,Parsa,1282938,27.33333,84.83333,2,,Central,0,Narayani,0,,,,,
904000001168,Pyuthan,1282888,28.0833333,82.8333333,2,,Mid-Western,0,Rapti,0,,,,,
904000001168,Ramechhap,1282879,27.4166667,86.0833333,2,,Central,0,Janakpur,0,,,,,
904000001168,Rasuwa,1282859,28.1666667,85.3333333,2,,Central,0,Bagmati,0,,,,,
904000001168,Rautahat,1282856,27,85.3333333,2,,Central,0,Narayani,0,,,,,
904000001168,Rolpa,1282847,28.4166667,82.75,2,,Mid-Western,0,Rapti,0,,,,,
904000001168,Rukum,1282843,28.75,82.5833333,2,,Mid-Western,0,Rapti,0,,,,,
904000001168,Rupandehi,1282837,27.6666667,83.4166667,2,,West,0,Lumbini,0,,,,,
904000001168,Salyan,1282827,28.4166667,82.25,2,,Mid-Western,0,Rapti,0,,,,,
904000001168,Sankhuwasabha,1282812,27.5833333,87.3333333,2,,East,0,Koshi,0,,,,,
904000001168,Saptari,1282810,26.5833333,86.75,2,,East,0,Sagarmatha,0,,,,,
904000001168,Sarlahi,1282806,27,85.5833333,2,,Central,0,Janakpur,0,,,,,
904000001168,Sindhuli,1282776,27.25,86,2,,Central,0,Janakpur,0,,,,,
904000001168,Sindhupalchok,7647006,27.8293608597897,85.5450439453125,2,,Central,0,Bagmati,0,,,,,
904000001168,Siraha,1282771,26.75,86.3333333,2,,East,0,Sagarmatha,0,,,,,
904000001168,Solukhumba,1282758,27.75,86.75,2,,East,0,Sagarmatha,0,,,,,
904000001168,Sunsari,1282744,26.6666667,87.1666667,2,,East,0,Koshi,0,,,,,
904000001168,Surkhet,7667450,28.51746,81.7787,2,,Mid-Western,0,Bheri,0,,,,,
904000001168,Syangia,1282734,28,83.8333333,2,,West,0,Gandaki,0,,,,,
904000001168,Tanahun,1282722,27.9166667,84.25,2,,West,0,Gandaki,0,,,,,
904000001168,Taplejung,1282713,27.6666667,87.8333333,2,,East,0,Mechi,0,,,,,
904000001168,Terhathum,7732361,27.15,87.55,2,,East,0,Koshi,0,,,,,
904000001168,Udayapur,1282630,26.9166667,86.6666667,2,,East,0,Sagarmatha,0,,,,,
904000001170,Banepa,1283679,27.62979,85.52138,1,,Central,0,Bagmati,0,,,,,
904000001170,Bharatpur,1283613,27.68333,84.43333,1,,Central,0,Narayani,0,,,,,
904000001170,Bidur,7973767,27.92981,85.15774,1,,Central,0,Bagmati,0,,,,,
904000001170,Dhading  Besi,7942188,27.91483,84.89997,1,,Central,0,Bagmati,0,,,,,
904000001170,DhulikhelN.P1,7812887,27.624,85.5704,1,,Central,0,Bagmati,0,,,,,
904000001170,Hitura,1283339,27.42839,85.03219,1,,Central,0,Narayani,0,,,,,
904000001170,KamalamiN.P.10,7810412,27.1419,85.9129,1,,Central,0,Janakpur,0,,,,,
904000001170,Panaoti,1282950,27.58138,85.5124,1,,Central,0,Bagmati,0,,,,,
904000001170,Ratnanagar,7935005,27.61937,84.52011,1,,Central,0,Narayani,0,,,,,
904000001174,Chitawan,1283517,27.5833333,84.5,2,,Central,0,Narayani,0,,,,,
904000001174,Dhanusa,7648379,26.83,86.01,2,,Central,0,Janakpur,0,,,,,
904000001174,Kailali,1283276,28.75,80.9166667,2,,Far-Western,0,Seti,0,,,,,
904000001174,Mahottari,1283094,26.9166667,85.8333333,2,,Central,0,Janakpur,0,,,,,
904000001174,Nuwakot,1282973,27.9166667,85.25,2,,Central,0,Bagmati,0,,,,,
904000001174,Okhaldhunga,1282969,27.3333333,86.4166667,2,,East,0,Sagarmatha,0,,,,,
904000001180,Kailali,1283276,28.75,80.9166667,2,,Far-Western,0,Seti,0,,,,,
904000001180,Kapilvastu,1283251,27.6666667,82.9166667,2,,West,0,Lumbini,0,,,,,
904000001180,Kaski,1283243,28.3333333,84,2,,West,0,Gandaki,0,,,,,
904000001180,Kathmandu District,1283241,27.7070365582655,85.3321838378906,2,,Central,0,Bagmati,0,,,,,
904000001180,Kavrepalanchok,1283282,27.5833333,85.6666667,2,,Central,0,Bagmati,0,,,,,
904000001180,Morang,1283040,26.6666667,87.5,2,,East,0,Koshi,0,,,,,
904000001180,Nawalparasi,1282991,27.6666667,83.9166667,2,,West,0,Lumbini,0,,,,,
904000001180,Nepal,1282988,,,6,,,0,,0,,,,,
904000001180,Rupandehi,1282837,27.6666667,83.4166667,2,,West,0,Lumbini,0,,,,,
904000001180,Sunsari,1282744,26.6666667,87.1666667,2,,East,0,Koshi,0,,,,,
904000001181,Banke,1283676,28.1666667,81.8333333,2,,Mid-Western,0,Bheri,0,,,,,
904000001181,Dadeldhura,1283500,29.25,80.4166667,2,,Far-Western,0,Mahakali,0,,,,,
904000001181,Federal Democratic Republic of Nepal,1282988,,,8,,,0,,0,,,,,
904000001181,Morang,1283040,26.6666667,87.5,2,,East,0,Koshi,0,,,,,
904000001181,Seti Zone,1282797,29.25,81.166667,2,,Far-Western,0,Seti,0,,,,,
904000001184,Kailali,1283276,28.75,80.9166667,2,,Far-Western,0,Seti,0,,,,,
904000001184,Tikapur,1282666,28.5,81.1333333,1,,Far-Western,0,Seti,0,,,,,
904000001189,Bajhang,1283699,29.6666667,81.25,2,,Far-Western,0,Seti,0,,,,,
904000001189,Dadeldhura,1283500,29.25,80.4166667,2,,Far-Western,0,Mahakali,0,,,,,
904000001189,Jajarkot,1283325,28.8333333,82.25,2,,Mid-Western,0,Bheri,0,,,,,
904000001189,Kailali,1283276,28.75,80.9166667,2,,Far-Western,0,Seti,0,,,,,
904000001189,Salyan,1282827,28.4166667,82.25,2,,Mid-Western,0,Rapti,0,,,,,
904000001190,Arghakhanchi,1283726,27.9166667,83.0833333,2,,West,0,Lumbini,0,,,,,
904000001190,Baglung,1283712,28.4166667,83.1666667,2,, ,0,Dhaualagiri,0,,,,,
904000001190,Banke,1283676,28.1666667,81.8333333,2,,Mid-Western,0,Bheri,0,,,,,
904000001190,Bara,1283670,27.08333,85.08333,2,,Central,0,Narayani,0,,,,,
904000001190,Bardiya,1283663,28.3333333,81.4166667,2,,Mid-Western,0,Bheri,0,,,,,
904000001190,Chitawan,1283517,27.5833333,84.5,2,,Central,0,Narayani,0,,,,,
904000001190,Dadeldhura,1283500,29.25,80.4166667,2,,Far-Western,0,Mahakali,0,,,,,
904000001190,Dang Deukhuri District,1283489,28.1168050672855,82.3171234130859,2,,Mid-Western,0,Rapti,0,,,,,
904000001190,Dhankuta,1283466,27,87.3333333,2,,East,0,Koshi,0,,,,,
904000001190,Dolakha,1283431,27.8333333,86.25,2,,Central,0,Janakpur,0,,,,,
904000001190,Jhapa,1283307,26.5833333,87.9166667,2,,East,0,Mechi,0,,,,,
904000001190,Kailali,1283276,28.75,80.9166667,2,,Far-Western,0,Seti,0,,,,,
904000001190,Kanchanpur,1283262,28.8333333,80.3333333,2,,Far-Western,0,Mahakali,0,,,,,
904000001190,Kaski,1283243,28.3333333,84,2,,West,0,Gandaki,0,,,,,
904000001190,Kathmandu District,1283241,27.7070365582655,85.3321838378906,2,,Central,0,Bagmati,0,,,,,
904000001190,Kavrepalanchok,1283282,27.5833333,85.6666667,2,,Central,0,Bagmati,0,,,,,
904000001190,Lamjung,1283151,28.25,84.4166667,2,,West,0,Gandaki,0,,,,,
904000001190,Makwanpur,1283085,27.4166667,85.25,2,,Central,0,Narayani,0,,,,,
904000001190,Morang,1283040,26.6666667,87.5,2,,East,0,Koshi,0,,,,,
904000001190,Parsa,1282938,27.33333,84.83333,2,,Central,0,Narayani,0,,,,,
904000001190,Rautahat,1282856,27,85.3333333,2,,Central,0,Narayani,0,,,,,
904000001190,Rolpa,1282847,28.4166667,82.75,2,,Mid-Western,0,Rapti,0,,,,,
904000001190,Rukum,1282843,28.75,82.5833333,2,,Mid-Western,0,Rapti,0,,,,,
904000001190,Salyan,1282827,28.4166667,82.25,2,,Mid-Western,0,Rapti,0,,,,,
904000001190,Sindhupalchok,7647006,27.8293608597897,85.5450439453125,2,,Central,0,Bagmati,0,,,,,
904000001190,Sunsari,1282744,26.6666667,87.1666667,2,,East,0,Koshi,0,,,,,
904000001190,Tanahun,1282722,27.9166667,84.25,2,,West,0,Gandaki,0,,,,,
904000001191,Bhaktapur,1283618,27.6673377313517,85.41672706604,2,,Central,0,Bagmati,0,,,,,
904000001191,Kakani,1283273,27.81249,85.262111,1,,Central,0,Bagmati,0,,,,,
904000001191,Kathmandu District,1283241,27.7070365582655,85.3321838378906,2,,Central,0,Bagmati,0,,,,,
904000001191,Kirtipur,1283190,27.679884,85.275437,1,,Central,0,Bagmati,0,,,,,
904000001191,Lalitpur,1283154,27.5833333,85.3333333,2,,Central,0,Bagmati,0,,,,,
904000001191,Nuwakot,1282973,27.9166667,85.25,2,,Central,0,Bagmati,0,,,,,
904000001191,Okharpauwa,7802144,27.7925111111111,85.2533666666666,2,,Central,0,Bagmati,0,,,,,
904000001191,Sainbu,7799981,27.6505,85.3063,1,,Central,0,Bagmati,0,,,,,
904000001191,Sirutar,7800501,27.6518666666666,85.3818222222222,1,,Central,0,Bagmati,0,,,,,
904000001191,Thecho,7802520,27.6144444444444,85.3204333333333,1,,Central,0,Bagmati,0,,,,,
904000001193,Accham,1283743,29.0833333,81.3333333,2,,Far-Western,0,Seti,0,,,,,
904000001193,Bajhang,1283699,29.6666667,81.25,2,,Far-Western,0,Seti,0,,,,,
904000001193,Bajura,1283697,29.5,81.5,2,,Far-Western,0,Seti,0,,,,,
904000001193,Dadeldhura,1283500,29.25,80.4166667,2,,Far-Western,0,Mahakali,0,,,,,
904000001193,Dang,1283489,28,82.4166667,2,,Mid-Western,0,Rapti,0,,,,,
904000001193,Dolpa,1283428,29.1666667,83.0833333,2,,Mid-Western,0,Karnali,0,,,,,
904000001193,Humla,1283335,29.9166667,81.9166667,2,,Mid-Western,0,Karnali,0,,,,,
904000001193,Jajarkot,1283325,28.8333333,82.25,2,,Mid-Western,0,Bheri,0,,,,,
904000001193,Jumla,1283287,29.275278,82.183332,2,,Mid-Western,0,Karnali,0,,,,,
904000001193,Kalikot,1283269,29.25,81.8333333,2,,Mid-Western,0,Karnali,0,,,,,
904000001193,Kapilvastu,1283251,27.6666667,82.9166667,2,,West,0,Lumbini,0,,,,,
904000001193,Kaski,1283243,28.3333333,84,2,,West,0,Gandaki,0,,,,,
904000001193,Kavrepalanchok,1283282,27.5833333,85.6666667,2,,Central,0,Bagmati,0,,,,,
904000001193,Mugu,1283037,29.5833333,82.4166667,2,,Mid-Western,0,Karnali,0,,,,,
904000001193,Nawalparasi,1282991,27.6666667,83.9166667,2,,West,0,Lumbini,0,,,,,
904000001193,Panchthar,1282947,27.1666667,87.8333333,2,,East,0,Mechi,0,,,,,
904000001193,Parsa,1282938,27.3333333,84.8333333,2,,Central,0,Narayani,0,,,,,
904000001193,Rukum,1282843,28.75,82.5833333,2,,Mid-Western,0,Rapti,0,,,,,
904000001193,Saptari,1282810,26.5833333,86.75,2,,East,0,Sagarmatha,0,,,,,
904000001193,Sunsari,1282744,26.6666667,87.1666667,2,,East,0,Koshi,0,,,,,
904000001193,Tanahun,1282722,27.9166667,84.25,2,,West,0,Gandaki,0,,,,,
904000001193,Udayapur,1282630,26.9166667,86.6666667,2,,East,0,Sagarmatha,0,,,,,
904000001195,Nepal,1282988,,,6,,,0,,0,,,,,
904000001196,Bajrabarahi1,7816257,27.6437,85.1266,1,,Central,0,Narayani,0,,,,,
904000001196,Devitar1,7812878,27.6616,85.5621,1,,Central,0,Bagmati,0,,,,,
904000001196,Kubhinde1,7812340,27.7871,85.7374,1,,Central,0,Bagmati,0,,,,,
904000001200,Achham,1283743,29.08333,81.33333,2,,Far-Western,0,Seti,0,,,,,
904000001200,Ainselukharka,7799813,27.3691,86.767,1,,East,0,Sagarmatha,0,,,,,
904000001200,Ajayameru,7801730,29.35867,80.59036,1,,Far-Western,0,Mahakali,0,,,,,
904000001200,Alamadevi,7801470,27.95678,83.51387,1,,West,0,Gandaki,0,,,,,
904000001200,Alital1,7836904,29.1208,80.5471,1,,Far-Western,0,Mahakali,0,,,,,
904000001200,Amalachaur,7800063,28.2013,83.6371,1,, ,0,Dhaualagiri,0,,,,,
904000001200,AmarArbathok,7799521,27.9838,83.2995,1,,West,0,Lumbini,0,,,,,
904000001200,Amargadhi,7800558,29.30534,80.60627,1,,Far-Western,0,Mahakali,0,,,,,
904000001200,Archale,7798706,27.7735,83.8491,1,,West,0,Lumbini,0,,,,,
904000001200,Archhani,7800713,28.85289,82.12079,1,,Mid-Western,0,Bheri,0,,,,,
904000001200,Argal1,7823612,28.2891,83.1819,1,, ,0,Dhaualagiri,0,,,,,
904000001200,Arjewa,7800393,28.42844,83.07202,1,, ,0,Dhaualagiri,0,,,,,
904000001200,Arjun Chaupari,7802607,28.08322,83.77457,1,,West,0,Gandaki,0,,,,,
904000001200,Arkhale1,7824176,28.0781,83.2103,1,,West,0,Lumbini,0,,,,,
904000001200,Arkhaule1,7804594,27.2249,86.6977,1,,East,0,Sagarmatha,0,,,,,
904000001200,Arukharka,7802712,28.18204,83.85924,1,,West,0,Gandaki,0,,,,,
904000001200,Awalching,7801450,28.63104,81.8016,1,,Mid-Western,0,Bheri,0,,,,,
904000001200,Babala1,7834849,29.2997,81.245,1,,Far-Western,0,Seti,0,,,,,
904000001200,Babiyachaur,7800314,28.39256,83.46507,1,, ,0,Dhaualagiri,0,,,,,
904000001200,Bada Khola,7801741,28.88412,81.68598,1,,Mid-Western,0,Bheri,0,,,,,
904000001200,Badaban,7937150,28.98399,81.66835,1,,Mid-Western,0,Bheri,0,,,,,
904000001200,Badagaun,7799620,28.1367,83.2842,1,,West,0,Lumbini,0,,,,,
904000001200,Badahare1,7804603,27.2119,86.5611,1,,East,0,Sagarmatha,0,,,,,
904000001200,Badaka Diyale1,7804612,27.057,86.8726,1,,East,0,Sagarmatha,0,,,,,
904000001200,Badalamji,7801743,28.89724,81.6179,1,,Mid-Western,0,Bheri,0,,,,,
904000001200,Badalkot,7799246,29.1976,81.6683,1,,Mid-Western,0,Karnali,0,,,,,
904000001200,Baglung,1283711,28.27189,83.58976,1,, ,0,Dhaualagiri,0,,,,,
904000001200,Baglung,1283712,28.41667,83.16667,3,, ,0,Dhaualagiri,0,,,,,
904000001200,Bahunidanda1,7804621,27.1721,86.5159,1,,East,0,Sagarmatha,0,,,,,
904000001200,Baijinath,7801575,29.20612,81.19721,1,,Far-Western,0,Seti,0,,,,,
904000001200,Baireni1,7815358,27.7646,84.9713,1,,Central,0,Bagmati,0,,,,,
904000001200,Baitadi,1283701,29.5,80.58333,2,,Far-Western,0,Mahakali,0,,,,,
904000001200,Bajedichaur,7802586,28.56276,81.96052,1,,Mid-Western,0,Bheri,0,,,,,
904000001200,Bajhang,1283698,29.52666,81.09821,1,,Far-Western,0,Seti,0,,,,,
904000001200,Bajhang,1283699,29.66667,81.25,1,,Far-Western,0,Seti,0,,,,,
904000001200,Bakachol1,7804630,27.3885,86.8089,1,,East,0,Sagarmatha,0,,,,,
904000001200,Baksila1,7804639,27.3422,86.8392,1,,East,0,Sagarmatha,0,,,,,
904000001200,Balakhu1,7804099,27.2211,86.3564,1,,East,0,Sagarmatha,0,,,,,
904000001200,Balena,7936673,28.7774,81.69291,1,,Mid-Western,0,Bheri,0,,,,,
904000001200,Baletaksar,7799637,27.9917,83.399,1,,West,0,Lumbini,0,,,,,
904000001200,Baletaksar1,7824230,27.9818,83.42315,1,,West,0,Lumbini,0,,,,,
904000001200,Baluwa1,7814099,27.7631,85.3961,1,,Central,0,Bagmati,0,,,,,
904000001200,Baluwapati,7962045,27.75646,85.32074,1,,Central,0,Bagmati,0,,,,,
904000001200,Bamanthan,8005267,29.36798,81.73288,1,,Far-Western,0,Seti,0,,,,,
904000001200,Bamgha2,7824249,28.0165,83.4304,1,,West,0,Lumbini,0,,,,,
904000001200,Bamrang1,7804648,27.2358,86.7589,1,,East,0,Sagarmatha,0,,,,,
904000001200,Bamrang2,7804649,27.2227,86.7592,1,,East,0,Sagarmatha,0,,,,,
904000001200,Bandipokhara,7798739,27.8663,83.5037,1,,West,0,Lumbini,0,,,,,
904000001200,Banepa,1283679,27.62979,85.52138,1,,Central,0,Bagmati,0,,,,,
904000001200,Baneswar,1283678,27.6503,85.40933,1,,Central,0,Bagmati,0,,,,,
904000001200,Banethok,8000731,28.02367,83.82388,1,,West,0,Gandaki,0,,,,,
904000001200,Banjada,7958048,29.33032,81.76402,1,,Mid-Western,0,Karnali,0,,,,,
904000001200,Bannatoli1,7834867,29.1625,81.3213,1,,Far-Western,0,Seti,0,,,,,
904000001200,Bansi,7801745,28.91069,81.67056,1,,Mid-Western,0,Bheri,0,,,,,
904000001200,Baradadivi1,7834876,29.2061,81.2797,1,,Far-Western,0,Seti,0,,,,,
904000001200,Baraha,7800278,28.74659,81.62961,1,,Mid-Western,0,Bheri,0,,,,,
904000001200,Barangdi,7798745,27.8869,83.553,1,,West,0,Lumbini,0,,,,,
904000001200,Baratu,7957939,29.16879,81.62551,1,,Mid-Western,0,Karnali,0,,,,,
904000001200,Barhabise2,7834214,29.3247,81.2698,1,,Far-Western,0,Seti,0,,,,,
904000001200,Barnalu1,7804108,27.3216,86.548,1,,East,0,Sagarmatha,0,,,,,
904000001200,Baruneshwor1,7804117,27.3374,86.44,1,,East,0,Sagarmatha,0,,,,,
904000001200,Basantapur1,7809369,26.9362,85.7155,1,,Central,0,Janakpur,0,,,,,
904000001200,Baspani1,7804666,27.3057,86.8385,1,,East,0,Sagarmatha,0,,,,,
904000001200,Basudevi1,7835546,29.1763,80.9928,1,,Far-Western,0,Seti,0,,,,,
904000001200,Batakachaur,7801583,28.14798,83.46312,1,, ,0,Dhaualagiri,0,,,,,
904000001200,Batulasen1,7834894,29.183,81.4188,1,,Far-Western,0,Seti,0,,,,,
904000001200,Bayala1,7834903,29.0314,81.387,1,,Far-Western,0,Seti,0,,,,,
904000001200,Bayalkada,7998961,28.63922,81.58335,1,,Mid-Western,0,Bheri,0,,,,,
904000001200,Bedegaun,7936934,28.83758,81.63368,1,,Mid-Western,0,Bheri,0,,,,,
904000001200,Belpata,7800570,28.78739,81.69759,1,,Mid-Western,0,Bheri,0,,,,,
904000001200,BenethokDeurali,7802609,28.02406,83.83888,1,,West,0,Gandaki,0,,,,,
904000001200,Benighat,7799323,27.7863,84.8009,1,,Central,0,Bagmati,0,,,,,
904000001200,Betali1,7811041,27.5152,86.1569,1,,Central,0,Janakpur,0,,,,,
904000001200,Betini,7801220,27.90273,85.44879,1,,Central,0,Bagmati,0,,,,,
904000001200,Bhadaure1,7804135,27.2793,86.5935,1,,East,0,Sagarmatha,0,,,,,
904000001200,Bhagawati,7799677,28.038,83.2184,1,,West,0,Lumbini,0,,,,,
904000001200,Bhagyaswori1,7834912,29.2169,81.2338,1,,Far-Western,0,Seti,0,,,,,
904000001200,Bhairavsthan,7937298,28.98067,81.5347,1,,Mid-Western,0,Bheri,0,,,,,
904000001200,Bhakunde1,7823639,28.2454,83.5163,1,, ,0,Dhaualagiri,0,,,,,
904000001200,Bhakundebesi,7963434,27.56216,85.64014,1,,Central,0,Bagmati,0,,,,,
904000001200,Bhalu Khola,7994032,27.35701,85.91062,1,,Central,0,Janakpur,0,,,,,
904000001200,Bharta,7967915,27.60039,84.91203,1,,Central,0,Narayani,0,,,,,
904000001200,Bhatakatiya1,7834930,29.22927,81.40544,1,,Far-Western,0,Seti,0,,,,,
904000001200,Bhatauli1,7811068,27.3935,86.0497,1,,Central,0,Janakpur,0,,,,,
904000001200,Bhatekhola1,7834456,29.5846,81.2491,1,,Far-Western,0,Seti,0,,,,,
904000001200,Bhawani,7800571,28.92869,81.74889,1,,Mid-Western,0,Bheri,0,,,,,
904000001200,Bhimeshwor2,7810242,27.3333,85.9982,1,,Central,0,Janakpur,0,,,,,
904000001200,Bhimpokhara,7800395,28.27127,83.45201,1,, ,0,Dhaualagiri,0,,,,,
904000001200,Bhirpani1,7811077,27.4179,85.9137,1,,Central,0,Janakpur,0,,,,,
904000001200,Bhitta,7958270,29.28549,81.71186,1,,Mid-Western,0,Karnali,0,,,,,
904000001200,Bhumirajmadau,7798710,29.1688,80.9216,1,,Far-Western,0,Seti,0,,,,,
904000001200,Bhur,7952825,28.65274,82.10363,1,,Mid-Western,0,Bheri,0,,,,,
904000001200,Bidyapur,7802588,28.823,81.36123,1,,Mid-Western,0,Bheri,0,,,,,
904000001200,Bigutar1,7804153,27.3556,86.5221,1,,East,0,Sagarmatha,0,,,,,
904000001200,Bihun,7956089,28.26075,83.48617,1,, ,0,Dhaualagiri,0,,,,,
904000001200,Bijaura,7802589,28.85773,81.24806,1,,Mid-Western,0,Bheri,0,,,,,
904000001200,Bijayakharka,7799871,27.1809,86.7379,1,,East,0,Sagarmatha,0,,,,,
904000001200,Bijulikot1,7811095,27.4215,86.1866,1,,Central,0,Janakpur,0,,,,,
904000001200,Bilkot,7953819,28.83212,82.09023,1,,Mid-Western,0,Bheri,0,,,,,
904000001200,Binamare1,7823675,28.17133,83.64021,1,, ,0,Dhaualagiri,0,,,,,
904000001200,Binayak,7798816,29.1067,81.397,1,,Far-Western,0,Seti,0,,,,,
904000001200,Birbas,7799705,28.0171,83.3227,1,,West,0,Lumbini,0,,,,,
904000001200,Birgha,8000785,27.96232,83.54133,1,,West,0,Gandaki,0,,,,,
904000001200,Biruwa,7961023,28.30264,83.79099,1,,West,0,Gandaki,0,,,,,
904000001200,BiruwaArchale,7802611,27.95524,83.55804,1,,West,0,Gandaki,0,,,,,
904000001200,BodhaPokharathok,7798766,27.8396,83.5986,1,,West,0,Lumbini,0,,,,,
904000001200,Bohara,7949781,28.10023,83.26192,1,,West,0,Lumbini,0,,,,,
904000001200,Boudhagumba,7798771,27.9168,83.5212,1,,West,0,Lumbini,0,,,,,
904000001200,Budagaun,7802284,28.28881,82.41516,1,,Mid-Western,0,Rapti,0,,,,,
904000001200,Budhakot1,7834975,29.2731,81.1951,1,,Far-Western,0,Seti,0,,,,,
904000001200,Buipa1,7804693,27.2043,86.7528,1,,East,0,Sagarmatha,0,,,,,
904000001200,Burtiwang,7801587,28.33194,83.38293,1,, ,0,Dhaualagiri,0,,,,,
904000001200,Chainpur1,7815402,27.9549,84.7561,1,,Central,0,Bagmati,0,,,,,
904000001200,Chalsa1,7834984,29.0442,81.3956,1,,Far-Western,0,Seti,0,,,,,
904000001200,Chandika1,7834993,29.2016,81.2246,1,,Far-Western,0,Seti,0,,,,,
904000001200,Chapakot,7800235,28.22654,83.88742,1,,West,0,Gandaki,0,,,,,
904000001200,Chaphamandau1,7835002,29.1654,81.3772,1,,Far-Western,0,Seti,0,,,,,
904000001200,Chapre,7799253,29.1671,81.775,1,,Mid-Western,0,Karnali,0,,,,,
904000001200,Chaudhari1,7834483,29.5105,81.0508,1,,Far-Western,0,Seti,0,,,,,
904000001200,Chauratha,7801747,28.85856,81.79379,1,,Mid-Western,0,Bheri,0,,,,,
904000001200,Chautara,1283539,27.7752,85.7104,1,,Central,0,Bagmati,0,,,,,
904000001200,Chautari,7953924,28.19414,83.52476,1,, ,0,Dhaualagiri,0,,,,,
904000001200,ChawaraChautara,7798714,29.0822,81.0624,1,,Far-Western,0,Seti,0,,,,,
904000001200,Chhangchhangdi,7802612,28.00562,83.79372,1,,West,0,Gandaki,0,,,,,
904000001200,Chhatiwan,7798718,29.0872,80.584,1,,Far-Western,0,Seti,0,,,,,
904000001200,Chhinchu,7801452,28.43077,81.72723,1,,Mid-Western,0,Bheri,0,,,,,
904000001200,Chhisti,7800399,28.13411,83.60663,1,, ,0,Dhaualagiri,0,,,,,
904000001200,Chhitapokhari1,7804702,27.0996,86.8399,1,,East,0,Sagarmatha,0,,,,,
904000001200,Chhorambu1,7804711,27.0925,86.7648,1,,East,0,Sagarmatha,0,,,,,
904000001200,Chidipani,7798792,27.8384,83.6373,1,,West,0,Lumbini,0,,,,,
904000001200,Chilkhaya,7958014,29.12057,81.79407,1,,Mid-Western,0,Karnali,0,,,,,
904000001200,Chinnebas,7802613,27.97124,83.9162,1,,West,0,Gandaki,0,,,,,
904000001200,Chipring1,7804720,27.0745,86.8218,1,,East,0,Sagarmatha,0,,,,,
904000001200,Chirtungdhara,7798797,27.8565,83.5843,1,,West,0,Lumbini,0,,,,,
904000001200,Chisapani2,7811114,27.4248,86.0459,1,,Central,0,Janakpur,0,,,,,
904000001200,Chitawan,1283517,27.58333,84.5,2,,Central,0,Narayani,0,,,,,
904000001200,Chitrebhanjyang,7801474,27.97612,83.9646,1,,West,0,Gandaki,0,,,,,
904000001200,Chupra,7936677,28.80232,81.69146,1,,Mid-Western,0,Bheri,0,,,,,
904000001200,Chuwa,7801047,28.22999,83.70422,1,, ,0,Dhaualagiri,0,,,,,
904000001200,Chyamrangbesi1,7812834,27.4846,85.4587,1,,Central,0,Bagmati,0,,,,,
904000001200,Chyanam1,7804171,27.2903,86.3989,1,,East,0,Sagarmatha,0,,,,,
904000001200,Chyasmitar1,7804747,27.1788,86.5497,1,,East,0,Sagarmatha,0,,,,,
904000001200,Dada Bhauta,7952758,28.85026,82.1106,1,,Mid-Western,0,Bheri,0,,,,,
904000001200,Dadeldhura,1283500,29.25,80.41667,2,,Far-Western,0,Mahakali,0,,,,,
904000001200,Dahachaur,7802590,28.46379,81.86173,1,,Mid-Western,0,Bheri,0,,,,,
904000001200,Dahathum,8001037,28.02341,83.78239,1,,West,0,Gandaki,0,,,,,
904000001200,Dailekh,1283497,28.83333,81.66667,2,,Mid-Western,0,Bheri,0,,,,,
904000001200,Dalli,1283493,28.78199,82.31612,1,,Mid-Western,0,Rapti,0,,,,,
904000001200,Damarkhushivalaya1,7804756,27.0176,86.9036,1,,East,0,Sagarmatha,0,,,,,
904000001200,Damek,7801589,28.18994,83.57277,1,, ,0,Dhaualagiri,0,,,,,
904000001200,Dandagoun1,7804765,27.107,86.8256,1,,East,0,Sagarmatha,0,,,,,
904000001200,Darbar,7959982,28.2021,83.35974,1,, ,0,Dhaualagiri,0,,,,,
904000001200,Darimpata,7980621,28.00535,82.88596,1,,Mid-Western,0,Rapti,0,,,,,
904000001200,Darlamchaur,7949999,28.14833,83.20938,1,,West,0,Lumbini,0,,,,,
904000001200,Darna1,7835011,29.1696,81.3253,1,,Far-Western,0,Seti,0,,,,,
904000001200,Dasala,7958305,29.1245,81.73591,1,,Mid-Western,0,Karnali,0,,,,,
904000001200,DasharathchandaN.P.2,7837167,29.5627,80.4309,2,,Far-Western,0,Mahakali,0,,,,,
904000001200,Dedkula,7953726,28.76765,81.90426,1,,Mid-Western,0,Bheri,0,,,,,
904000001200,Dehimandau1,7837179,29.5075,80.4735,1,,Far-Western,0,Mahakali,0,,,,,
904000001200,Deorali,1283474,28.12192,84.14895,1,,West,0,Gandaki,0,,,,,
904000001200,Deulek1,7834528,29.5383,80.7993,1,,Far-Western,0,Seti,0,,,,,
904000001200,Deulikot1,7834537,29.5951,80.799,1,,Far-Western,0,Seti,0,,,,,
904000001200,Deupur,7961807,28.13832,84.20525,1,,West,0,Gandaki,0,,,,,
904000001200,Devisthan1,7822834,28.4718,83.3259,1,, ,0,Dhaualagiri,0,,,,,
904000001200,Dhading,1283471,27.86424,84.9283,2,,Central,0,Bagmati,0,,,,,
904000001200,Dhakari1,7835029,29.007,81.2747,1,,Far-Western,0,Seti,0,,,,,
904000001200,Dhamena1,7834546,29.60961,81.29163,1,,Far-Western,0,Seti,0,,,,,
904000001200,Dhami Lek,7986946,29.48468,80.97661,1,,Far-Western,0,Seti,0,,,,,
904000001200,Dhamile,7934962,27.6139,84.68021,1,,Central,0,Narayani,0,,,,,
904000001200,Dhamja,7801590,28.3054,83.5649,1,, ,0,Dhaualagiri,0,,,,,
904000001200,Dhangbang,7983226,28.36709,82.8416,1,,Mid-Western,0,Rapti,0,,,,,
904000001200,Dhankuta,1283465,26.98333,87.33333,2,,East,0,Koshi,0,,,,,
904000001200,Dhaulagoh,7958041,29.35669,81.79777,1,,Mid-Western,0,Karnali,0,,,,,
904000001200,Dhitung1,7804783,27.1886,86.6524,1,,East,0,Sagarmatha,0,,,,,
904000001200,Dhola,7799368,27.9168,84.8315,1,,Central,0,Bagmati,0,,,,,
904000001200,DhulikhelN.P1,7812887,27.624,85.5704,1,,Central,0,Bagmati,0,,,,,
904000001200,Dhullubaskot1,7823792,28.16,83.5268,1,, ,0,Dhaualagiri,0,,,,,
904000001200,Dhungachalna1,7835072,28.9238,81.2691,1,,Far-Western,0,Seti,0,,,,,
904000001200,Dhunkharka,7798645,27.514,85.4833,1,,Central,0,Bagmati,0,,,,,
904000001200,Dhusa,7934386,27.84808,84.65963,1,,Central,0,Narayani,0,,,,,
904000001200,Dhuwakot1,8198764,27.91934,84.99791,1,,Central,0,Bagmati,0,,,,,
904000001200,Dhyargaun,7953655,28.90395,82.4359,1,,Mid-Western,0,Bheri,0,,,,,
904000001200,Diktel,1283439,27.21525,86.80138,1,,East,0,Sagarmatha,0,,,,,
904000001200,Dimipokhari,7801135,27.50634,85.89397,1,,Central,0,Janakpur,0,,,,,
904000001200,Dipayal,6254845,29.26083,80.94,1,,Far-Western,0,Seti,0,,,,,
904000001200,Diyale1,7804180,27.309,86.6369,1,,East,0,Sagarmatha,0,,,,,
904000001200,Dolakha,1283431,27.83333,86.25,2,,Central,0,Janakpur,0,,,,,
904000001200,Dorpa Chiuridanda,7964496,27.2007,86.83738,1,,East,0,Sagarmatha,0,,,,,
904000001200,Doti,1283425,29.25,80.91667,2,,Far-Western,0,Seti,0,,,,,
904000001200,Dubachour1,7812133,27.8496,85.5809,1,,Central,0,Bagmati,0,,,,,
904000001200,Duni1,7835081,29.2939,81.1267,1,,Far-Western,0,Seti,0,,,,,
904000001200,Durchhim1,7804846,27.1873,86.6025,1,,East,0,Sagarmatha,0,,,,,
904000001200,Durchhim2,7804847,27.1662,86.5917,1,,East,0,Sagarmatha,0,,,,,
904000001200,DurgaBhabani,7800115,29.5609,80.4625,1,,Far-Western,0,Mahakali,0,,,,,
904000001200,Durgamadau1,7835650,29.1746,80.9495,1,,Far-Western,0,Seti,0,,,,,
904000001200,Durlung1,7823270,28.2626,83.696,1,, ,0,Dhaualagiri,0,,,,,
904000001200,Fulbari1,7804198,27.354,86.2962,1,,East,0,Sagarmatha,0,,,,,
904000001200,Fulpingdandagau9,7812159,27.7379,85.7872,1,,Central,0,Bagmati,0,,,,,
904000001200,Gaguda1,7835668,29.1506,81.0355,1,,Far-Western,0,Seti,0,,,,,
904000001200,Gairimudi1,7811673,27.6071,86.0962,1,,Central,0,Janakpur,0,,,,,
904000001200,Gajara1,7835090,29.2204,81.2542,1,,Far-Western,0,Seti,0,,,,,
904000001200,Gajuri1,7815456,27.7935,84.8785,1,,Central,0,Bagmati,0,,,,,
904000001200,Gankhet1,7836996,29.209,80.5686,1,,Far-Western,0,Mahakali,0,,,,,
904000001200,Gati1,7812178,27.8087,85.9024,1,,Central,0,Bagmati,0,,,,,
904000001200,Gelu2,7811186,27.4556,86.1053,1,,Central,0,Janakpur,0,,,,,
904000001200,GhangSukathokar1,7811691,27.5493,86.0784,1,,Central,0,Janakpur,0,,,,,
904000001200,Gulmi,1283367,28.08333,83.33333,2,,West,0,Lumbini,0,,,,,
904000001200,Gumdi1,7815474,28.0736,84.9629,1,,Central,0,Bagmati,0,,,,,
904000001200,Guptesor1,7811230,27.5013,86.2768,1,,Central,0,Janakpur,0,,,,,
904000001200,Gurukhola1,7837287,29.5381,80.4939,1,,Far-Western,0,Mahakali,0,,,,,
904000001200,Gwallek,7800416,29.51361,80.42588,1,,Far-Western,0,Mahakali,0,,,,,
904000001200,Halesi,7964861,27.19324,86.62849,1,,East,0,Sagarmatha,0,,,,,
904000001200,Harichaur1,7823810,28.2622,83.5388,1,, ,0,Dhaualagiri,0,,,,,
904000001200,Harkapur1,7804216,27.3346,86.406,1,,East,0,Sagarmatha,0,,,,,
904000001200,Hastichaur1,7824508,28.1594,83.2382,1,,West,0,Lumbini,0,,,,,
904000001200,Hatikot2,7835099,29.25959,81.25668,1,,Far-Western,0,Seti,0,,,,,
904000001200,Hatiya1,7823819,28.1985,83.4125,1,, ,0,Dhaualagiri,0,,,,,
904000001200,Haunchur,7799896,27.2905,86.7589,1,,East,0,Sagarmatha,0,,,,,
904000001200,Haunchur1,7804864,27.2806,86.7668,1,,East,0,Sagarmatha,0,,,,,
904000001200,Heel,7800404,28.2732,83.13959,1,, ,0,Dhaualagiri,0,,,,,
904000001200,Hemantabada1,7834564,29.54378,81.20557,1,,Far-Western,0,Seti,0,,,,,
904000001200,Hichma,7798957,29.014,81.2262,1,,Far-Western,0,Seti,0,,,,,
904000001200,Hugdisheer1,7823837,28.122,83.488,1,, ,0,Dhaualagiri,0,,,,,
904000001200,Jajarkot,1283325,28.83333,82.25,2,,Mid-Western,0,Bheri,0,,,,,
904000001200,Jalapadevi1,7835116,29.2218,81.2062,1,,Far-Western,0,Seti,0,,,,,
904000001200,Jalbire2,7812278,27.8298,85.7769,1,,Central,0,Bagmati,0,,,,,
904000001200,Jaleswar,1283323,26.64711,85.80081,1,,Central,0,Janakpur,0,,,,,
904000001200,Janalibandali1,7835125,29.1039,81.2755,1,,Far-Western,0,Seti,0,,,,,
904000001200,Janalikot,7798990,29.1822,81.2564,1,,Far-Western,0,Seti,0,,,,,
904000001200,Jantarkhani1,7804225,27.4002,86.4885,1,,East,0,Sagarmatha,0,,,,,
904000001200,Japhe,7800625,27.54658,86.10213,1,,Central,0,Janakpur,0,,,,,
904000001200,Jogimara1,7815501,27.8036,84.6856,1,,Central,0,Bagmati,0,,,,,
904000001200,Jupu1,7835143,29.1605,81.2941,1,,Far-Western,0,Seti,0,,,,,
904000001200,Jyamire,7799899,27.3369,86.6996,1,,East,0,Sagarmatha,0,,,,,
904000001200,Kabhre Palanchok,1283282,27.58333,85.66667,2,,Central,0,Bagmati,0,,,,,
904000001200,Kabhre4,7811757,27.6489,86.1491,1,,Central,0,Janakpur,0,,,,,
904000001200,Kadambas1,7812304,27.7034,85.7565,1,,Central,0,Bagmati,0,,,,,
904000001200,Kadel1,7834573,29.5471,81.0766,1,,Far-Western,0,Seti,0,,,,,
904000001200,Kailash1,7834582,29.5282,81.24,1,,Far-Western,0,Seti,0,,,,,
904000001200,Kalagaun1,7829937,28.5778,82.2161,1,,Mid-Western,0,Rapti,0,,,,,
904000001200,Kalekanda1,7835161,29.095,81.4944,1,,Far-Western,0,Seti,0,,,,,
904000001200,Kalena1,7835740,29.2905,81.0013,1,,Far-Western,0,Seti,0,,,,,
904000001200,Kalika2,7812314,27.6886,85.7502,1,,Central,0,Bagmati,0,,,,,
904000001200,Kalikasthan1,7835179,29.0455,81.4374,1,,Far-Western,0,Seti,0,,,,,
904000001200,Kalikot,1283269,29.25,81.83333,2,,Mid-Western,0,Karnali,0,,,,,
904000001200,Kalleri1,7815519,27.83206,85.00444,1,,Central,0,Bagmati,0,,,,,
904000001200,Kanda1,7829537,28.5865,82.663,1,,Mid-Western,0,Rapti,0,,,,,
904000001200,Karthali1,7812322,27.8115,85.9793,1,,Central,0,Bagmati,0,,,,,
904000001200,Kaski,1283243,28.33333,84,2,,West,0,Gandaki,0,,,,,
904000001200,Kathjor2,7811258,27.3867,86.1075,1,,Central,0,Janakpur,0,,,,,
904000001200,Katunje1,7804261,27.3167,86.4105,1,,East,0,Sagarmatha,0,,,,,
904000001200,Khadadevi1,7811266,27.4748,85.9174,1,,Central,0,Janakpur,0,,,,,
904000001200,Khalle1,7804909,27.1953,86.7918,1,,East,0,Sagarmatha,0,,,,,
904000001200,Khalte1,7815555,27.8868,84.9446,1,,Central,0,Bagmati,0,,,,,
904000001200,Khanalthok1,7813066,27.5196,85.6631,1,,Central,0,Bagmati,0,,,,,
904000001200,Khaptad1,7835188,29.3268,81.2107,1,,Far-Western,0,Seti,0,,,,,
904000001200,Kharmi1,7804918,27.2875,86.7947,1,,East,0,Sagarmatha,0,,,,,
904000001200,Kharpa1,7804927,27.2573,86.7307,1,,East,0,Sagarmatha,0,,,,,
904000001200,KhijiChandeshwori.,7801032,27.46037,86.31523,1,,East,0,Sagarmatha,0,,,,,
904000001200,Khijifalate1,7804288,27.44528,86.35424,1,,East,0,Sagarmatha,0,,,,,
904000001200,Khotang,1283202,27.25,86.83333,2,,East,0,Sagarmatha,0,,,,,
904000001200,Khotangbazar,7799906,27.0236,86.8457,1,,East,0,Sagarmatha,0,,,,,
904000001200,Khumaltar,7965656,27.65479,85.32882,1,,Central,0,Bagmati,0,,,,,
904000001200,Kotbhairab1,7834636,29.4632,81.0325,1,,Far-Western,0,Seti,0,,,,,
904000001200,Kotdewal1,7834645,29.5,81.2942,1,,Far-Western,0,Seti,0,,,,,
904000001200,Koteli1,7837023,29.3496,80.6543,1,,Far-Western,0,Mahakali,0,,,,,
904000001200,Kubhinde1,7812340,27.7871,85.7374,1,,Central,0,Bagmati,0,,,,,
904000001200,Kuibhir1,7804297,27.343,86.6778,1,,East,0,Sagarmatha,0,,,,,
904000001200,Kuibhir2,7804298,27.3364,86.6712,1,,East,0,Sagarmatha,0,,,,,
904000001200,Kuika1,7835205,29.0791,81.3737,1,,Far-Western,0,Seti,0,,,,,
904000001200,Kumpur1,7815582,27.8395,84.8928,1,,Central,0,Bagmati,0,,,,,
904000001200,Kuntadevi3,7804308,27.3233,86.4581,1,,East,0,Sagarmatha,0,,,,,
904000001200,Kushadevi1,7813119,27.5975,85.4655,1,,Central,0,Bagmati,0,,,,,
904000001200,Kusmishera1,7823882,28.1802,83.6445,1,, ,0,Dhaualagiri,0,,,,,
904000001200,Lafyang2,7804973,27.2001,86.8076,1,,East,0,Sagarmatha,0,,,,,
904000001200,Lakhanpur2,7811303,27.5596,85.8502,1,,Central,0,Janakpur,0,,,,,
904000001200,LalitpurN.P.10,7813740,27.6836,85.3233,1,,Central,0,Bagmati,0,,,,,
904000001200,Lamatola1,7834654,29.4632,81.1341,1,,Far-Western,0,Seti,0,,,,,
904000001200,Latamandau1,7835839,29.2521,80.8062,1,,Far-Western,0,Seti,0,,,,,
904000001200,LaxmiNagar1,7835848,29.0877,80.6851,1,,Far-Western,0,Seti,0,,,,,
904000001200,Lichkiramche,7799910,27.0157,86.7742,1,,East,0,Sagarmatha,0,,,,,
904000001200,Likuwapokhari,7799911,27.0518,86.9354,1,,East,0,Sagarmatha,0,,,,,
904000001200,Lisankhu1,7812367,27.6454,85.8626,1,,Central,0,Bagmati,0,,,,,
904000001200,Lumle,7800793,28.32098,83.80768,1,,West,0,Gandaki,0,,,,,
904000001200,Lungra1,7835241,29.2137,81.1868,1,,Far-Western,0,Seti,0,,,,,
904000001200,Luyanta1,7834672,29.4935,81.2138,1,,Far-Western,0,Seti,0,,,,,
904000001200,Madhavpur1,7804315,27.2274,86.419,1,,East,0,Sagarmatha,0,,,,,
904000001200,Magpa1,7805008,27.3432,86.7602,1,,East,0,Sagarmatha,0,,,,,
904000001200,Mahadevsthan1,7815600,27.7274,84.789,1,,Central,0,Bagmati,0,,,,,
904000001200,Maidi1,7815609,27.9077,84.807,1,,Central,0,Bagmati,0,,,,,
904000001200,Maipokhari1,7816034,26.9789,87.9186,1,,East,0,Mechi,0,,,,,
904000001200,Majhigau1,7834681,29.4351,81.1318,1,,Far-Western,0,Seti,0,,,,,
904000001200,Malatikot1,7835250,29.1523,81.3607,1,,Far-Western,0,Seti,0,,,,,
904000001200,Malu1,7811862,27.5118,86.097,1,,Central,0,Janakpur,0,,,,,
904000001200,Malumela1,7834690,29.4798,81.0617,1,,Far-Western,0,Seti,0,,,,,
904000001200,Mamkha1,7804324,27.2882,86.5934,1,,East,0,Sagarmatha,0,,,,,
904000001200,Manebhanjyang1,7804333,27.2227,86.474,1,,East,0,Sagarmatha,0,,,,,
904000001200,Maneswor1,7812394,27.7982,85.8584,1,,Central,0,Bagmati,0,,,,,
904000001200,Mangalpur,1283072,27.12716,85.4362,1,,Central,0,Narayani,0,,,,,
904000001200,Mangalsen1,7835259,29.1509,81.2254,1,,Far-Western,0,Seti,0,,,,,
904000001200,Mangaltar1,7805026,27.2066,86.5896,1,,East,0,Sagarmatha,0,,,,,
904000001200,Mangaltar2,7805027,27.207,86.5805,1,,East,0,Sagarmatha,0,,,,,
904000001200,Mankha3,7812405,27.7758,85.8471,1,,Central,0,Bagmati,0,,,,,
904000001200,Manthali1,7811337,27.3703,86.0525,1,,Central,0,Janakpur,0,,,,,
904000001200,Marku1,7835268,29.2438,81.135,1,,Far-Western,0,Seti,0,,,,,
904000001200,Mashdev1,7834699,29.5399,81.264,1,,Far-Western,0,Seti,0,,,,,
904000001200,Mastamandau1,7835286,29.2383,81.2217,1,,Far-Western,0,Seti,0,,,,,
904000001200,Matela1,7831607,28.6576,81.8104,1,,Mid-Western,0,Bheri,0,,,,,
904000001200,Matim,7964968,27.28526,86.85124,1,,East,0,Sagarmatha,0,,,,,
904000001200,Maulali1,7834717,29.5094,81.0049,1,,Far-Western,0,Seti,0,,,,,
904000001200,Melbisauni1,7834725,29.6221,81.323,1,,Far-Western,0,Seti,0,,,,,
904000001200,Melung2,7811881,27.5019,86.0829,1,,Central,0,Janakpur,0,,,,,
904000001200,Mirge2,7811890,27.6113,86.15,1,,Central,0,Janakpur,0,,,,,
904000001200,Moli1,7804342,27.2275,86.5566,1,,East,0,Sagarmatha,0,,,,,
904000001200,Mudabhara1,7835874,29.237,80.8591,1,,Far-Western,0,Seti,0,,,,,
904000001200,Mudhegau1,7835882,29.2273,80.8915,1,,Far-Western,0,Seti,0,,,,,
904000001200,Mulkharka1,7804351,27.3003,86.3832,1,,East,0,Sagarmatha,0,,,,,
904000001200,Muralibhanjyang,7799573,27.9228,84.8674,1,,Central,0,Bagmati,0,,,,,
904000001200,Nada1,7835295,28.9305,81.3164,1,,Far-Western,0,Seti,0,,,,,
904000001200,NagaDaha1,7811346,27.4085,86.1272,1,,Central,0,Janakpur,0,,,,,
904000001200,Nalang1,7815654,27.8551,84.8156,1,,Central,0,Bagmati,0,,,,,
904000001200,Namdu1,7811898,27.624,86.0899,1,,Central,0,Janakpur,0,,,,,
904000001200,Namdu2,7811899,27.62969,86.1017,1,,Central,0,Janakpur,0,,,,,
904000001200,Nandegada1,7835304,29.234,81.2992,1,,Far-Western,0,Seti,0,,,,,
904000001200,Nawathana1,7835313,29.2279,81.2396,1,,Far-Western,0,Seti,0,,,,,
904000001200,Nerpa1,7805053,27.2431,86.8244,1,,East,0,Sagarmatha,0,,,,,
904000001200,Nilkantha1,7815672,27.8967,84.8979,1,,Central,0,Bagmati,0,,,,,
904000001200,Nirmalidada1,7805062,27.2079,86.8945,1,,East,0,Sagarmatha,0,,,,,
904000001200,Nunthala1,7805071,27.2387,86.7235,1,,East,0,Sagarmatha,0,,,,,
904000001200,Okhaldhunga,1282969,27.33333,86.41667,2,,East,0,Sagarmatha,0,,,,,
904000001200,Okhaldhunga1,7804369,27.3145,86.5128,1,,East,0,Sagarmatha,0,,,,,
904000001200,Okhalhunga,7975477,27.32214,86.50361,1,,East,0,Sagarmatha,0,,,,,
904000001200,Okhreni3,7811366,27.3138,86.163,1,,Central,0,Janakpur,0,,,,,
904000001200,Oligau1,7835322,29.1582,81.2878,1,,Far-Western,0,Seti,0,,,,,
904000001200,Pagretar1,7812448,27.7504,85.86,1,,Central,0,Bagmati,0,,,,,
904000001200,Pagretar2,7812449,27.7452,85.8673,1,,Central,0,Bagmati,0,,,,,
904000001200,Paiyunpata,7800409,28.23049,83.46154,1,, ,0,Dhaualagiri,0,,,,,
904000001200,Pakhribas,7800030,27.0417,87.2828,1,,East,0,Koshi,0,,,,,
904000001200,Palpa,1282954,27.75,83.66667,2,,West,0,Lumbini,0,,,,,
904000001200,Patadewal1,7834742,29.4409,81.1953,1,,Far-Western,0,Seti,0,,,,,
904000001200,Patalekhet1,7813285,27.5885,85.5956,1,,Central,0,Bagmati,0,,,,,
904000001200,Patan,1282931,27.67658,85.31417,2,,Central,0,Bagmati,0,,,,,
904000001200,Pauwagadhi1,7834750,29.46566,81.115,1,,Far-Western,0,Seti,0,,,,,
904000001200,Pawati1,7811916,27.5706,86.0761,1,,Central,0,Janakpur,0,,,,,
904000001200,Payal1,7835340,29.1803,81.1656,1,,Far-Western,0,Seti,0,,,,,
904000001200,Phediguth,7975143,27.30543,86.34095,1,,East,0,Sagarmatha,0,,,,,
904000001200,Phulasi1,7811382,27.4905,86.1007,1,,Central,0,Janakpur,0,,,,,
904000001200,Pida1,7815690,27.7998,84.9422,1,,Central,0,Bagmati,0,,,,,
904000001200,Pokali4,7804399,27.4185,86.2758,1,,East,0,Sagarmatha,0,,,,,
904000001200,PurkotDaha,7800669,28.14539,83.07684,1,,West,0,Lumbini,0,,,,,
904000001200,R.Maheswori2,7805108,27.3733,86.7018,1,,East,0,Sagarmatha,0,,,,,
904000001200,Ragani6,7804437,27.4313,86.31155,1,,East,0,Sagarmatha,0,,,,,
904000001200,Rajapani1,7805116,27.1193,86.6928,1,,East,0,Sagarmatha,0,,,,,
904000001200,RakhaBangdel,7799925,27.384,86.8205,1,,East,0,Sagarmatha,0,,,,,
904000001200,Ramarosan1,7835367,29.198,81.4226,1,,Far-Western,0,Seti,0,,,,,
904000001200,Ramechhap,1282879,27.41667,86.08333,2,,Central,0,Janakpur,0,,,,,
904000001200,Ramechhap1,7811427,27.3582,86.0686,1,,Central,0,Janakpur,0,,,,,
904000001200,Rampur1,7811436,27.2645,86.202,1,,Central,0,Janakpur,0,,,,,
904000001200,Rasnalu,1282860,27.56549,86.21365,1,,Central,0,Janakpur,0,,,,,
904000001200,Ratanchura5,7810595,27.2751,85.9827,1,,Central,0,Janakpur,0,,,,,
904000001200,Ratmata1,7804450,27.3239,86.6107,1,,East,0,Sagarmatha,0,,,,,
904000001200,Resh1,7824017,28.2359,83.3242,1,, ,0,Dhaualagiri,0,,,,,
904000001200,Rilu1,7834778,29.5464,81.3455,1,,Far-Western,0,Seti,0,,,,,
904000001200,Rithapata,7800461,29.54863,81.17365,1,,Far-Western,0,Seti,0,,,,,
904000001200,Rumjatar,7801042,27.29779,86.55173,1,,East,0,Sagarmatha,0,,,,,
904000001200,Sailungeswor1,7811934,27.5938,86.0192,1,,Central,0,Janakpur,0,,,,,
904000001200,Salle1,7805170,27.2297,86.6263,1,,East,0,Sagarmatha,0,,,,,
904000001200,Salleri3,7804030,27.5178,86.6083,1,,East,0,Sagarmatha,0,,,,,
904000001200,Salyan,1282827,28.41667,82.25,2,,Mid-Western,0,Rapti,0,,,,,
904000001200,Salyan1,7824035,28.1557,83.4266,1,, ,0,Dhaualagiri,0,,,,,
904000001200,Samejee1,7837068,29.3749,80.5713,1,,Far-Western,0,Mahakali,0,,,,,
904000001200,Sangkosh1,7815744,27.9296,84.9129,1,,Central,0,Bagmati,0,,,,,
904000001200,Sangkosh2,7815745,27.9213,84.9052,1,,Central,0,Bagmati,0,,,,,
904000001200,Santada1,7835402,29.1576,81.4053,1,,Far-Western,0,Seti,0,,,,,
904000001200,Saraswotinagar,7798846,29.1484,80.7147,1,,Far-Western,0,Seti,0,,,,,
904000001200,Sarasyunkhark1,7813409,27.5688,85.7099,1,,Central,0,Bagmati,0,,,,,
904000001200,Sarkuwa1,7824043,28.1599,83.5899,1,, ,0,Dhaualagiri,0,,,,,
904000001200,Satphari1,7835954,29.1098,80.9882,1,,Far-Western,0,Seti,0,,,,,
904000001200,Sera1,7835411,29.0537,81.2729,1,,Far-Western,0,Seti,0,,,,,
904000001200,Sigaudi1,7832248,28.9983,81.4506,1,,Mid-Western,0,Bheri,0,,,,,
904000001200,Sikharpur8,7812545,27.8039,85.6014,1,,Central,0,Bagmati,0,,,,,
904000001200,Sindhupalchok,7647006,27.82936,85.54504,2,,Central,0,Bagmati,0,,,,,
904000001200,Singana1,7824052,28.2316,83.5527,1,, ,0,Dhaualagiri,0,,,,,
904000001200,Siudi1,7835429,29.1694,81.0967,1,,Far-Western,0,Seti,0,,,,,
904000001200,Soukat1,7835438,29.1844,81.0487,1,,Far-Western,0,Seti,0,,,,,
904000001200,Sreekot1,7837618,29.5795,80.5067,1,,Far-Western,0,Mahakali,0,,,,,
904000001200,Subeda1,7834805,29.5508,81.1322,1,,Far-Western,0,Seti,0,,,,,
904000001200,Sukajor1,7811481,27.2806,86.1029,1,,Central,0,Janakpur,0,,,,,
904000001200,Sunarpani1,7811490,27.3428,86.1134,1,,Central,0,Janakpur,0,,,,,
904000001200,Sunaulabazar,7799674,27.8702,84.9111,1,,Central,0,Bagmati,0,,,,,
904000001200,Sunaulabazar1,7815780,27.8653,84.9111,1,,Central,0,Bagmati,0,,,,,
904000001200,Sungdel1,7805215,27.3655,86.8592,1,,East,0,Sagarmatha,0,,,,,
904000001200,Sunikot1,7834813,29.5887,81.233,1,,Far-Western,0,Seti,0,,,,,
904000001200,Sunkhani2,7812575,27.7176,85.819,1,,Central,0,Bagmati,0,,,,,
904000001200,Suntale1,7805224,26.9296,86.7992,1,,East,0,Sagarmatha,0,,,,,
904000001200,Surkhet,7667450,28.51746,81.7787,2,,Mid-Western,0,Bheri,0,,,,,
904000001200,Sutar1,7835447,29.195,81.3797,1,,Far-Western,0,Seti,0,,,,,
904000001200,Syandi1,7834840,29.5276,80.8357,1,,Far-Western,0,Seti,0,,,,,
904000001200,Syangja,1282734,28,83.83333,2,,West,0,Gandaki,0,,,,,
904000001200,Tangram9,7824105,28.2742,83.2539,1,, ,0,Dhaualagiri,0,,,,,
904000001200,Temma1,7805233,27.1244,86.815,1,,East,0,Sagarmatha,0,,,,,
904000001200,Thanti1,7835456,29.3177,81.3103,1,,Far-Western,0,Seti,0,,,,,
904000001200,Thokarpa2,7812656,27.6828,85.7775,1,,Central,0,Bagmati,0,,,,,
904000001200,Thulachhap1,7804558,27.2606,86.5828,1,,East,0,Sagarmatha,0,,,,,
904000001200,Thulolumpek,7800675,27.99791,83.51887,1,,West,0,Lumbini,0,,,,,
904000001200,ThuloPakhar,7801358,27.71006,85.87086,1,,Central,0,Bagmati,0,,,,,
904000001200,ThumPakhar3,7812692,27.7416,85.8254,1,,Central,0,Bagmati,0,,,,,
904000001200,ThumPakhar4,7812693,27.7399,85.8391,1,,Central,0,Bagmati,0,,,,,
904000001200,Tilpung3,7811510,27.4249,86.0962,1,,Central,0,Janakpur,0,,,,,
904000001200,Tityang1,7824115,28.2322,83.5618,1,, ,0,Dhaualagiri,0,,,,,
904000001200,Toli1,7832275,28.8962,81.7797,1,,Mid-Western,0,Bheri,0,,,,,
904000001200,Turmakhad,7799528,28.9314,81.3669,1,,Far-Western,0,Seti,0,,,,,
904000001200,Ubu,7801045,27.21183,86.4961,1,,East,0,Sagarmatha,0,,,,,
904000001200,Waksa,7974972,27.2215,86.51714,1,,East,0,Sagarmatha,0,,,,,
904000001200,Waplukha,7965322,27.07758,86.92349,1,,East,0,Sagarmatha,0,,,,,
904000001200,Yamkha1,7805260,27.1245,86.7963,1,,East,0,Sagarmatha,0,,,,,
904000001200,Yamunadanda,7801360,27.72236,85.79753,1,,Central,0,Bagmati,0,,,,,
904000001204,Federal Democratic Republic of Nepal,1282988,,,6,,,0,,0,,,,,
904000001204,Nepal,1282988,,,8,,,0,,0,,,,,
904000001207,Nepal,1282988,,,6,,,0,,0,,,,,
904000001210,Kailali,1283276,28.75,80.9166667,2,,Far-Western,0,Seti,0,,,,,
904000001210,Tikapur,1282666,28.5,81.1333333,1,,Far-Western,0,Seti,0,,,,,
904000001211,Bagmati Zone,1283710,27.91667,85.41667,3,,Central,0,Bagmati,0,,,,,
904000001212,Federal Democratic Republic of Nepal,1282988,,,6,,,0,,0,,,,,
904000001213,Badalpur,7799726,28.4294,81.1504,1,,Mid-Western,0,Bheri,0,,,,,
904000001213,Baganaha,7799739,28.4094,81.3008,1,,Mid-Western,0,Bheri,0,,,,,
904000001213,Baniyabhar,7799763,28.3665,81.3488,1,,Mid-Western,0,Bheri,0,,,,,
904000001213,Bardiya,1283663,28.3333333,81.4166667,2,,Mid-Western,0,Bheri,0,,,,,
904000001213,Belawa,7799992,28.2638,81.5909,1,,Mid-Western,0,Bheri,0,,,,,
904000001213,Bhimapur,7799993,28.3926,81.1089,1,,Mid-Western,0,Bheri,0,,,,,
904000001213,Daulatpur1,7805929,26.717,86.5402,1,,East,0,Sagarmatha,0,,,,,
904000001213,Deudakala,7799996,28.2648,81.4745,1,,Mid-Western,0,Bheri,0,,,,,
904000001213,Dhadhawar,7799997,28.2896,81.4221,1,,Mid-Western,0,Bheri,0,,,,,
904000001213,Dhodhari,7799999,28.3507,81.2653,1,,Mid-Western,0,Bheri,0,,,,,
904000001213,Gola,7800000,28.5193,81.2205,1,,Mid-Western,0,Bheri,0,,,,,
904000001213,Jamuni,7800002,28.1069,81.4915,1,,Mid-Western,0,Bheri,0,,,,,
904000001213,Kalika,7800340,27.7001888888888,85.7754777777777,1,,Central,0,Bagmati,0,,,,,
904000001213,Khairapur,7939257,28.1358947923,82.2532441996,1,,Mid-Western,0,Rapti,0,,,,,
904000001213,KhairiChandanpur,7800004,28.3858,81.1893,1,,Mid-Western,0,Bheri,0,,,,,
904000001213,Magaragadi,7800005,28.3376,81.4008,1,,Mid-Western,0,Bheri,0,,,,,
904000001213,Mahamadpur,7799545,26.9457,85.3095,1,,Central,0,Narayani,0,,,,,
904000001213,Manau,7800007,28.4371,81.1938,1,,Mid-Western,0,Bheri,0,,,,,
904000001213,ManpurMainapokhar,7800008,28.1846,81.4774,1,,Mid-Western,0,Bheri,0,,,,,
904000001213,Manpurtapara,7800009,28.4006,81.1508,1,,Mid-Western,0,Bheri,0,,,,,
904000001213,Motipur,7799307,26.8746,85.5316,1,,Central,0,Janakpur,0,,,,,
904000001213,Naya Gaun,7934791,27.7197405563,84.776089061,1,,Central,0,Narayani,0,,,,,
904000001213,Neulapur,7800012,28.4639,81.3145,1,,Mid-Western,0,Bheri,0,,,,,
904000001213,Padanaha,7800013,28.2992,81.3416,1,,Mid-Western,0,Bheri,0,,,,,
904000001213,PasupatiNagar,7801685,26.9417333333333,88.1062111111111,1,,East,0,Mechi,0,,,,,
904000001213,Patabhar,7800016,28.5335,81.2029,1,,Mid-Western,0,Bheri,0,,,,,
904000001213,Rajapur,7800017,28.4298,81.0983,1,,Mid-Western,0,Bheri,0,,,,,
904000001213,Sanashree,7800019,28.2995,81.2769,1,,Mid-Western,0,Bheri,0,,,,,
904000001213,Sivapur,7800020,28.4921,81.301,1,,Mid-Western,0,Bheri,0,,,,,
904000001213,Sorhawa,7800021,28.1815,81.5123,1,,Mid-Western,0,Bheri,0,,,,,
904000001213,Suryapatawa,7800022,28.3984,81.2338,1,,Mid-Western,0,Bheri,0,,,,,
904000001213,Taratal,7800023,28.2689,81.2663,1,,Mid-Western,0,Bheri,0,,,,,
904000001213,Thakudwara,7800037,28.4515,81.2649,1,,Mid-Western,0,Bheri,0,,,,,
904000001214,Kathmandu District,1283241,27.7070365582655,85.3321838378906,2,,Central,0,Bagmati,0,,,,,
904000001214,Lalitpur,1283154,27.5833333,85.3333333,2,,Central,0,Bagmati,0,,,,,
904000001214,Pokhara,1282898,28.2668919246605,83.968505859375,1,,West,0,Gandaki,0,,,,,
904000001214,Sunsari,1282744,26.6666667,87.1666667,2,,East,0,Koshi,0,,,,,
904000001216,Baitadi,1283701,29.5,80.5833333,2,,Far-Western,0,Mahakali,0,,,,,
904000001216,Bajhang,1283699,29.6666667,81.25,2,,Far-Western,0,Seti,0,,,,,
904000001216,Bhojpur,1283601,27.25,87.0833333,2,,East,0,Koshi,0,,,,,
904000001216,Doti,1283425,29.25,80.9166667,2,,Far-Western,0,Seti,0,,,,,
904000001216,Panchthar,1282947,27.1666667,87.8333333,2,,East,0,Mechi,0,,,,,
904000001216,Sankhuwasabha,1282812,27.5833333,87.3333333,2,,East,0,Koshi,0,,,,,
904000001216,Taplejung,1282713,27.6666667,87.8333333,2,,East,0,Mechi,0,,,,,
904000001216,Terhathum,7732361,27.15,87.55,2,,East,0,Koshi,0,,,,,
904000001217,Accham,1283743,29.0833333,81.3333333,2,,Far-Western,0,Seti,0,,,,,
904000001217,Bajura,1283697,29.5,81.5,2,,Far-Western,0,Seti,0,,,,,
904000001217,Bardiya,1283663,28.3333333,81.4166667,2,,Mid-Western,0,Bheri,0,,,,,
904000001217,Dang,1283489,28,82.4166667,2,,Mid-Western,0,Rapti,0,,,,,
904000001217,Dhanusa,7648379,26.83,86.01,2,,Central,0,Janakpur,0,,,,,
904000001217,Kalikot,1283269,29.25,81.8333333,2,,Mid-Western,0,Karnali,0,,,,,
904000001217,Kanchanapur,7801671,28.1159222222222,81.8768777777777,2,,Mid-Western,0,Bheri,0,,,,,
904000001217,Kapilvastu,1283251,27.6666667,82.9166667,2,,West,0,Lumbini,0,,,,,
904000001217,Mahottari,1283094,26.9166667,85.8333333,2,,Central,0,Janakpur,0,,,,,
904000001217,Rolpa,1282847,28.4166667,82.75,2,,Mid-Western,0,Rapti,0,,,,,
904000001217,Rukum,1282843,28.75,82.5833333,2,,Mid-Western,0,Rapti,0,,,,,
904000001217,Saptari,1282810,26.5833333,86.75,2,,East,0,Sagarmatha,0,,,,,
904000001217,Siraha,1282771,26.75,86.3333333,2,,East,0,Sagarmatha,0,,,,,
904000001217,Surkhet,7667450,28.51746,81.7787,2,,Mid-Western,0,Bheri,0,,,,,
904000001220,Accham,1283743,29.0833333,81.3333333,2,,Far-Western,0,Seti,0,,,,,
904000001220,Bajhang,1283699,29.6666667,81.25,2,,Far-Western,0,Seti,0,,,,,
904000001220,Bajura,1283697,29.5,81.5,2,,Far-Western,0,Seti,0,,,,,
904000001220,Chitawan,1283517,27.5833333,84.5,2,,Central,0,Narayani,0,,,,,
904000001220,Dadeldhura,1283500,29.25,80.4166667,2,,Far-Western,0,Mahakali,0,,,,,
904000001220,Dang,1283489,28,82.4166667,2,,Mid-Western,0,Rapti,0,,,,,
904000001220,Dolpa,1283428,29.1666667,83.0833333,2,,Mid-Western,0,Karnali,0,,,,,
904000001220,Humla,1283335,29.9166667,81.9166667,2,,Mid-Western,0,Karnali,0,,,,,
904000001220,Jajarkot,1283325,28.8333333,82.25,2,,Mid-Western,0,Bheri,0,,,,,
904000001220,Jumla,1283287,29.275278,82.183332,2,,Mid-Western,0,Karnali,0,,,,,
904000001220,Kalikot,1283269,29.25,81.8333333,2,,Mid-Western,0,Karnali,0,,,,,
904000001220,Kapilvastu,1283251,27.6666667,82.9166667,2,,West,0,Lumbini,0,,,,,
904000001220,Kaski,1283243,28.3333333,84,2,,West,0,Gandaki,0,,,,,
904000001220,Kavrepalanchok,1283282,27.5833333,85.6666667,2,,Central,0,Bagmati,0,,,,,
904000001220,Mugu,1283037,29.5833333,82.4166667,2,,Mid-Western,0,Karnali,0,,,,,
904000001220,Nawalparasi,1282991,27.6666667,83.9166667,2,,West,0,Lumbini,0,,,,,
904000001220,Panchthar,1282947,27.1666667,87.8333333,2,,East,0,Mechi,0,,,,,
904000001220,Parsa,1282938,27.3333333,84.8333333,2,,Central,0,Narayani,0,,,,,
904000001220,Rukum,1282843,28.75,82.5833333,2,,Mid-Western,0,Rapti,0,,,,,
904000001220,Saptari,1282810,26.5833333,86.75,2,,East,0,Sagarmatha,0,,,,,
904000001220,Sunsari,1282744,26.6666667,87.1666667,2,,East,0,Koshi,0,,,,,
904000001220,Tanahun,1282722,27.9166667,84.25,2,,West,0,Gandaki,0,,,,,
904000001220,Udayapur,1282630,26.9166667,86.6666667,2,,East,0,Sagarmatha,0,,,,,